time_s,IMA1_pressure_pa,IMA2_pressure_pa,IMA3_pressure_pa,IMA4_pressure_pa,IMA5_pressure_pa
250,1.404557,-0.01143115,-0.30497098,-1.03105546,-0.75907692
250.025,1.398369,-0.02026966,-0.30662138,-1.03200041,-0.7543096
250.05,1.388016,-0.02851894,-0.23742232,-1.03011051,-0.75693163
250.075,1.379329,-0.03346851,-0.27785721,-1.02703944,-0.76444016
250.1,1.368738,-0.04678521,-0.39727568,-1.02514954,-0.76360588
250.125,1.348984,-0.05703789,-0.43040164,-1.02609449,-0.75538225
250.15,1.334823,-0.05963052,-0.36580013,-1.02455895,-0.74906555
250.175,1.319829,-0.0641087,-0.26524341,-1.01995233,-0.74429822
250.2,1.299956,-0.07695401,-0.24732474,-1.01818056,-0.73857744
250.225,1.285557,-0.08744238,-0.3635603,-1.01570007,-0.72916197
250.25,1.265208,-0.0922741,-0.44643413,-1.01156593,-0.72415629
250.275,1.244502,-0.10240893,-0.37440581,-1.01499136,-0.7310689
250.3,1.233435,-0.10700496,-0.29671896,-1.01487324,-0.73965008
250.325,1.219155,-0.11737549,-0.31192625,-1.0075499,-0.73929253
250.35,1.202614,-0.13304912,-0.41189354,-1.00601436,-0.73083054
250.375,1.185359,-0.14094486,-0.52129171,-1.00483318,-0.72868524
250.4,1.17096,-0.15119754,-0.49853972,-1.00471506,-0.7247522
250.425,1.160369,-0.15720773,-0.44195446,-1.00566001,-0.71247635
250.45,1.140734,-0.16451423,-0.43806422,-0.99999032,-0.70985432
250.475,1.127287,-0.17735954,-0.40210901,-0.9985729,-0.71724367
250.5,1.119433,-0.18513744,-0.41566589,-0.9991635,-0.71640939
250.525,1.105272,-0.19362241,-0.48804787,-0.99479311,-0.70103477
250.55,1.091825,-0.20611418,-0.52364943,-0.99337569,-0.69281114
250.575,1.072547,-0.22013796,-0.5423933,-0.99113144,-0.69936621
250.6,1.055649,-0.23687221,-0.55382824,-0.98392622,-0.70484863
250.625,1.04363,-0.24924614,-0.59827124,-0.98168197,-0.69424134
250.65,1.032444,-0.25231015,-0.63340126,-0.98097326,-0.67958182
250.675,1.022567,-0.2582025,-0.60003953,-0.97565793,-0.68196548
250.7,1.009715,-0.26598039,-0.55205995,-0.97459487,-0.69042748
250.725,1.001028,-0.27953278,-0.51516164,-0.97258686,-0.68601771
250.75,0.993174,-0.30109876,-0.53838518,-0.96620846,-0.66885535
250.775,0.982464,-0.30439847,-0.54852337,-0.96396421,-0.66027416
250.8,0.973063,-0.3014523,-0.45893004,-0.96171996,-0.66241946
250.825,0.960092,-0.3145333,-0.38407246,-0.95817641,-0.66980881
250.85,0.949977,-0.32502168,-0.31534494,-0.95782206,-0.66921289
250.875,0.946288,-0.32902847,-0.20842238,-0.95605028,-0.66063171
250.9,0.937958,-0.33586359,-0.18331267,-0.95345168,-0.65514929
250.925,0.925225,-0.34411287,-0.2426093,-0.95108931,-0.65205053
250.95,0.917847,-0.35684033,-0.27420274,-0.94860882,-0.66373047
250.975,0.909755,-0.36485392,-0.25993854,-0.9484907,-0.66527985
251,0.892381,-0.36874287,-0.26371089,-0.94577398,-0.65443419
251.025,0.880957,-0.37899554,-0.20523946,-0.9427029,-0.65133544
251.05,0.874055,-0.38512358,-0.06625191,-0.94045865,-0.65312318
251.075,0.86156,-0.39042669,-0.03253652,-0.94057677,-0.65276563
251.1,0.842877,-0.39973659,-0.09324779,-0.93679698,-0.63715265
251.125,0.81991,-0.4088108,-0.21301993,-0.92699316,-0.63000167
251.15,0.813246,-0.42059549,-0.32748719,-0.92096912,-0.64323099
251.175,0.808129,-0.43579774,-0.33715384,-0.91400013,-0.64191997
251.2,0.790636,-0.45017505,-0.33621076,-0.90880292,-0.62046702
251.225,0.778379,-0.4616062,-0.36756842,-0.90773986,-0.61021728
251.25,0.762076,-0.4749229,-0.40694233,-0.90951163,-0.61879846
251.275,0.745297,-0.48953591,-0.41401549,-0.90762174,-0.63024003
251.3,0.736253,-0.4993172,-0.36403184,-0.89935345,-0.61927519
251.325,0.727566,-0.51428375,-0.27054828,-0.89628237,-0.60175528
251.35,0.717451,-0.53066447,-0.18295901,-0.8971092,-0.60330466
251.375,0.696864,-0.53761743,-0.13592251,-0.89557366,-0.60247038
251.4,0.671874,-0.55364461,-0.08263806,-0.88789597,-0.59198227
251.425,0.654143,-0.57026102,-0.01273168,-0.88281688,-0.58626148
251.45,0.637959,-0.58157432,0.11210955,-0.88151757,-0.58459292
251.475,0.622251,-0.59630518,0.3106295,-0.87880085,-0.57625011
251.5,0.608209,-0.60337599,0.45397883,-0.88021827,-0.57398563
251.525,0.59262,-0.61256805,0.46824303,-0.87962768,-0.56838402
251.55,0.577983,-0.62470627,0.45445037,-0.87454859,-0.55849183
251.575,0.564298,-0.63342694,0.49629989,-0.87006009,-0.55789591
251.6,0.554897,-0.64497594,0.60180782,-0.87218622,-0.55002983
251.625,0.548828,-0.65169321,0.72004744,-0.8720681,-0.54418986
251.65,0.535143,-0.65381445,0.74492138,-0.86462664,-0.54121029
251.675,0.517769,-0.66336005,0.68703937,-0.86131933,-0.53799234
251.7,0.508487,-0.67184502,0.73596204,-0.85813013,-0.5340593
251.725,0.509201,-0.67479119,0.94650637,-0.85564965,-0.52643159
251.75,0.50337,-0.68233339,1.06474598,-0.85872072,-0.51785041
251.775,0.497063,-0.68940421,1.00827861,-0.85529529,-0.50998432
251.8,0.500514,-0.69965688,0.91019749,-0.85375975,-0.50915004
251.825,0.490042,-0.7084954,0.83156756,-0.85659459,-0.51129534
251.85,0.47838,-0.70873109,0.74079537,-0.85033432,-0.50569373
251.875,0.481355,-0.71203081,0.58447859,-0.84974373,-0.48292977
251.9,0.483259,-0.71580191,0.50184053,-0.84773571,-0.47649388
251.925,0.49028,-0.72216564,0.49347063,-0.84171168,-0.49163013
251.95,0.500395,-0.72900076,0.41825938,-0.8431291,-0.48805464
251.975,0.50575,-0.72947214,0.31687746,-0.83722318,-0.46624414
252,0.515627,-0.73430386,0.19769475,-0.83486081,-0.45361073
252.025,0.518602,-0.74196391,0.07980879,-0.83710506,-0.46100008
252.05,0.512057,-0.74773841,0.02911783,-0.83427022,-0.4693429
252.075,0.510272,-0.75327721,0.01391054,-0.83651447,-0.46600577
252.1,0.507892,-0.75740185,-0.0285284,-0.83556952,-0.45635195
252.125,0.507059,-0.7650619,-0.08617464,-0.83037231,-0.44693648
252.15,0.513723,-0.77366472,-0.12755261,-0.83060855,-0.44038141
252.175,0.519673,-0.78285678,-0.1780078,-0.83261656,-0.44812831
252.2,0.52003,-0.794995,-0.2611174,-0.83131726,-0.45635195
252.225,0.51765,-0.80053381,-0.34528797,-0.82730123,-0.44765158
252.25,0.514675,-0.80171228,-0.38230417,-0.82399392,-0.42929739
252.275,0.511343,-0.80147658,-0.40187323,-0.8219859,-0.41261176
252.3,0.511462,-0.80607261,-0.47225115,-0.82363956,-0.41463787
252.325,0.511462,-0.8138505,-0.56160871,-0.82375768,-0.4102281
252.35,0.517174,-0.8158539,-0.59815336,-0.8206866,-0.39902489
252.375,0.537999,-0.8213927,-0.5725721,-0.81749741,-0.40605669
252.4,0.557753,-0.82575304,-0.57280788,-0.81454445,-0.40927464
252.425,0.569177,-0.82999553,-0.63540532,-0.81548939,-0.40212365
252.45,0.578697,-0.83812696,-0.61748665,-0.8117096,-0.39151636
252.475,0.579292,-0.84272299,-0.50337305,-0.8072211,-0.38090907
252.5,0.575246,-0.84967595,-0.43004798,-0.80603992,-0.3821009
252.525,0.58429,-0.85592184,-0.48604381,-0.79954341,-0.38341191
252.55,0.599165,-0.85839662,-0.59956799,-0.80166954,-0.36922913
252.575,0.606424,-0.86381758,-0.58070624,-0.80096083,-0.3666071
252.6,0.615944,-0.86711729,-0.44926339,-0.79009394,-0.3813858
252.625,0.620704,-0.87477734,-0.34210505,-0.78784969,-0.37745276
252.65,0.623084,-0.88738695,-0.32501159,-0.78111694,-0.35623817
252.675,0.634508,-0.89669686,-0.34399123,-0.77556538,-0.34872964
252.7,0.638554,-0.90541752,-0.32123924,-0.77332113,-0.35135167
252.725,0.64617,-0.91072063,-0.28139378,-0.76493472,-0.34586925
252.75,0.659855,-0.91661298,-0.24143044,-0.76115493,-0.33716888
252.775,0.665091,-0.92427302,-0.22881665,-0.75631208,-0.33526195
252.8,0.670922,-0.93193307,-0.21679228,-0.75678455,-0.33347421
252.825,0.676277,-0.94018235,-0.18107283,-0.75560337,-0.32239018
252.85,0.687344,-0.94631039,-0.18366632,-0.744264,-0.32489303
252.875,0.695793,-0.9533812,-0.20500368,-0.73894867,-0.33240156
252.9,0.702457,-0.95703445,-0.17954032,-0.73505077,-0.32382038
252.925,0.721497,-0.96174833,-0.1175323,-0.7307985,-0.31357064
252.95,0.733635,-0.97282594,-0.07544701,-0.72890861,-0.30939923
252.975,0.749938,-0.97683273,-0.07367872,-0.72300269,-0.31857633
253,0.760291,-0.97541857,-0.06495516,-0.7166243,-0.31833796
253.025,0.751961,-0.98036814,-0.05304868,-0.71367134,-0.30534701
253.05,0.7497,-0.98343215,-0.08452423,-0.71201768,-0.30498946
253.075,0.746606,-0.98237153,-0.10774777,-0.70882848,-0.30689639
253.1,0.746844,-0.99003158,-0.08169497,-0.70386751,-0.29640828
253.125,0.739466,-0.9930956,-0.06035761,-0.70422187,-0.28103366
253.15,0.716261,-0.99026727,-0.0596503,-0.70280444,-0.27519369
253.175,0.697221,-0.99356698,-0.026878,-0.69441804,-0.27996101
253.2,0.6783,-0.99297775,0.02133736,-0.68851212,-0.28246386
253.225,0.663306,-0.99062081,0.04833324,-0.68851212,-0.2772198
253.25,0.644385,-0.99014943,0.01874387,-0.69311874,-0.27197575
253.275,0.612493,-0.99062081,-0.08369903,-0.69052013,-0.26625496
253.3,0.584885,-0.99014943,-0.098199,-0.68331491,-0.25302564
253.325,0.561442,-0.98449278,0.01980484,-0.68296055,-0.2343139
253.35,0.54145,-0.97518287,0.09089007,-0.68154313,-0.22609027
253.375,0.518007,-0.96210187,0.05198771,-0.67823582,-0.22418334
253.4,0.482783,-0.95196704,0.03265441,-0.67398356,-0.22227641
253.425,0.453747,-0.94147867,0.1091624,-0.67197554,-0.22275314
253.45,0.427686,-0.93205092,0.15230866,-0.67280237,-0.21441033
253.475,0.400435,-0.92662996,0.10468273,-0.66748704,-0.19927408
253.5,0.381752,-0.91755575,0.05917875,-0.66477032,-0.18890515
253.525,0.362474,-0.90989571,0.04314626,-0.6652428,-0.19295738
253.55,0.34272,-0.89669686,0.01567883,-0.66382537,-0.19689042
253.575,0.314874,-0.88114107,-0.01673981,-0.66406161,-0.18425701
253.6,0.272272,-0.86876715,0.01780078,-0.65862817,-0.16709465
253.625,0.23562,-0.8535649,0.06401208,-0.65461214,-0.16459181
253.65,0.202419,-0.84284083,0.00212195,-0.65839193,-0.16804812
253.675,0.1785,-0.83305954,-0.09914209,-0.65461214,-0.17281544
253.7,0.168742,-0.8251638,-0.13474365,-0.64835186,-0.17627175
253.725,0.144585,-0.8216284,-0.09171528,-0.64528079,-0.16220815
253.75,0.119595,-0.81137572,-0.03406904,-0.64244595,-0.1541037
253.775,0.105196,-0.79959103,-0.0252276,-0.64256406,-0.15136249
253.8,0.080801,-0.79016328,-0.02841052,-0.6396111,-0.1470719
253.825,0.064022,-0.78144261,-0.02157313,-0.63405954,-0.15160086
253.85,0.053907,-0.77225056,-0.00825202,-0.63004351,-0.14349641
253.875,0.035462,-0.76023018,0.02982515,-0.6280355,-0.1231161
253.9,0.019873,-0.75304152,0.09713803,-0.62236582,-0.12025571
253.925,0.000476,-0.7406676,0.16515823,-0.61291635,-0.13420013
253.95,-0.016779,-0.71851238,0.19639801,-0.61161704,-0.13110137
253.975,-0.030821,-0.70260306,0.19639801,-0.6132707,-0.11501166
254,-0.056644,-0.68103708,0.23093859,-0.60925468,-0.10797985
254.025,-0.083657,-0.6536966,0.25852391,-0.60535677,-0.11572675
254.05,-0.109361,-0.63649096,0.09501608,-0.60204945,-0.12538058
254.075,-0.134113,-0.61339297,-0.23282477,-0.59189127,-0.122401
254.1,-0.142681,-0.58558111,-0.53461283,-0.58882019,-0.11334309
254.125,-0.138992,-0.56472221,-0.71391737,-0.59082821,-0.10726476
254.15,-0.139706,-0.54421686,-0.82932772,-0.58232368,-0.10678802
254.175,-0.160293,-0.52170811,-1.02089241,-0.58126062,-0.10297417
254.2,-0.192423,-0.50049567,-1.20939206,-0.58291427,-0.09904112
254.225,-0.224196,-0.48517558,-1.30275774,-0.57618153,-0.09403544
254.25,-0.257159,-0.46573084,-1.31324959,-0.57110244,-0.08926811
254.275,-0.276199,-0.44216147,-1.18180674,-0.56732265,-0.08748037
254.3,-0.287742,-0.42024195,-1.06474598,-0.56555087,-0.08748037
254.325,-0.297262,-0.39655473,-1.11873775,-0.56578711,-0.09165177
254.35,-0.296905,-0.37604937,-1.23886355,-0.55976307,-0.09236687
254.375,-0.292621,-0.35471909,-1.29556669,-0.55173102,-0.08700364
254.4,-0.287028,-0.33138541,-1.16766043,-0.55527457,-0.08044857
254.425,-0.292383,-0.30510555,-0.97432745,-0.55551081,-0.0794951
254.45,-0.305235,-0.27446537,-0.94532751,-0.54806935,-0.07031801
254.475,-0.312018,-0.25172092,-0.96749007,-0.54617945,-0.06984127
254.5,-0.316183,-0.23062633,-0.85019354,-0.54440768,-0.08259386
254.525,-0.315112,-0.20422863,-0.65379553,-0.54239967,-0.07615798
254.55,-0.302498,-0.17971648,-0.56950707,-0.53932859,-0.0654315
254.575,-0.296786,-0.15214031,-0.5784664,-0.53318643,-0.06388212
254.6,-0.308329,-0.1204395,-0.57551925,-0.53413138,-0.07091392
254.625,-0.316183,-0.0925098,-0.64884432,-0.53495821,-0.07043719
254.65,-0.311066,-0.06705487,-0.76331159,-0.52846169,-0.06042581
254.675,-0.306425,-0.0394787,-0.8463033,-0.52728051,-0.0583997
254.7,-0.316421,-0.0113133,-0.96112423,-0.52480002,-0.0576846
254.725,-0.327964,0.01390593,-1.02631516,-0.51983905,-0.06638497
254.75,-0.324751,0.04360334,-1.04788829,-0.52066588,-0.07591961
254.775,-0.308924,0.07436138,-1.1561076,-0.51440561,-0.06304784
254.8,-0.288218,0.09875568,-1.27446511,-0.51298819,-0.05935316
254.825,-0.275961,0.12385706,-1.36582672,-0.51523243,-0.06531232
254.85,-0.276675,0.14577658,-1.41486728,-0.50401119,-0.06292866
254.875,-0.290122,0.1656927,-1.39447301,-0.50129446,-0.06876863
254.9,-0.299999,0.19256179,-1.4013104,-0.50318436,-0.05577767
254.925,-0.298214,0.21389207,-1.33505849,-0.49739656,-0.02896148
254.95,-0.307734,0.2298014,-1.21634733,-0.49267182,-0.02490926
254.975,-0.320229,0.25007106,-1.26067245,-0.48971886,-0.03790021
255,-0.329154,0.26810164,-1.34979423,-0.49054569,-0.03623165
255.025,-0.334628,0.28554297,-1.30841626,-0.48664778,-0.01024974
255.05,-0.321419,0.30545909,-1.16683522,-0.48322235,-0.00798527
255.075,-0.289646,0.32372536,-1.11520117,-0.48133246,-0.0421908
255.1,-0.24514,0.34081316,-1.17650187,-0.4733004,-0.05041444
255.125,-0.217175,0.36320406,-1.0813679,-0.47081992,-0.00512487
255.15,-0.199325,0.38677344,-0.89357557,-0.4662133,0.03325207
255.175,-0.172312,0.40857511,-0.82378708,-0.45971679,0.03790021
255.2,-0.167671,0.43332295,-0.82390497,-0.46113421,0.01680481
255.225,-0.199206,0.45276769,-0.83911226,-0.45640947,-0.00178775
255.25,-0.250614,0.47834046,-0.82355131,-0.45369275,0.02264478
255.275,-0.280126,0.51286959,-0.71580354,-0.45959867,0.04421692
255.3,-0.268583,0.53785313,-0.47177961,-0.45381087,0.03349044
255.325,-0.247639,0.5596548,-0.16315417,-0.45203909,0.01585135
255.35,-0.234192,0.58640604,0.06625191,-0.45652759,0.0210954
255.375,-0.216104,0.60926833,0.18838176,-0.44707812,0.04838832
255.4,-0.172193,0.62800599,0.19262566,-0.44554258,0.0668617
255.425,-0.116977,0.65204675,0.0957234,-0.44341645,0.0661466
255.45,-0.081158,0.67761952,0.03736985,-0.43727429,0.06102173
255.475,-0.065926,0.70048181,0.07249986,-0.43940043,0.06578905
255.5,-0.072471,0.71839454,0.06589825,-0.43680182,0.07365513
255.525,-0.089012,0.73571803,-0.01391054,-0.43455757,0.07866082
255.55,-0.105196,0.7555163,0.01567883,-0.4295966,0.06781516
255.575,-0.129591,0.77248625,0.11493881,-0.42345444,0.06066418
255.6,-0.137445,0.78910266,0.08593886,-0.42168267,0.0746086
255.625,-0.123641,0.80560122,0.07544701,-0.42085584,0.08712282
255.65,-0.116382,0.82481026,0.16079645,-0.41624922,0.08902975
255.675,-0.114716,0.84555131,0.19038582,-0.40963459,0.08712282
255.7,-0.10948,0.86417112,0.25510522,-0.40880776,0.08902975
255.725,-0.09639,0.88102322,0.41201143,-0.40550045,0.07878
255.75,-0.07259,0.89752178,0.53626323,-0.40089383,0.0753237
255.775,-0.038913,0.91743791,0.55819002,-0.39817711,0.0964191
255.8,-0.011781,0.9347614,0.51162506,-0.39380673,0.09558482
255.825,-0.002023,0.95078857,0.51421855,-0.38943635,0.07973347
255.85,0.007735,0.97518287,0.59579564,-0.38742833,0.08473916
255.875,0.013566,0.99945933,0.6591004,-0.38589279,0.08914893
255.9,0.004998,1.02185023,0.57964526,-0.38388478,0.08926811
255.925,-0.001666,1.04117712,0.4071781,-0.38317607,0.08771873
255.95,-0.002142,1.05402243,0.37134077,-0.37986876,0.08807628
255.975,0.000833,1.07334932,0.48958039,-0.37927816,0.10154397
256,0.00714,1.09244051,0.55960465,-0.37561649,0.10380845
256.025,0.005117,1.10952831,0.56325911,-0.36652138,0.09606155
256.05,-0.00476,1.12897304,0.5919054,-0.36392277,0.09784929
256.075,-0.006545,1.1419362,0.53885672,-0.36262347,0.10893332
256.1,0.011067,1.15207103,0.37228386,-0.36203288,0.12001734
256.125,0.044982,1.16397356,0.33031646,-0.35648131,0.11632267
256.15,0.074732,1.18165059,0.53284454,-0.34833114,0.10452355
256.175,0.086275,1.20156672,0.74562869,-0.34880362,0.11143616
256.2,0.083776,1.21488341,0.76095387,-0.34537818,0.13598787
256.225,0.080444,1.22419332,0.68326702,-0.33947226,0.13598787
256.25,0.083062,1.2399848,0.51657627,-0.33935415,0.11310473
256.275,0.102697,1.25978307,0.23530037,-0.33935415,0.12061326
256.3,0.139587,1.27710656,0.06837386,-0.33876355,0.14349641
256.325,0.177905,1.29195527,-0.0050691,-0.3371099,0.13610706
256.35,0.202062,1.30315072,-0.11564613,-0.33640119,0.12538058
256.375,0.199325,1.31163569,-0.20134922,-0.3384092,0.12704914
256.4,0.195636,1.32129914,-0.24626377,-0.33781861,0.1371797
256.425,0.206465,1.33862263,-0.23188168,-0.33616495,0.15005148
256.45,0.231574,1.34793253,-0.22575161,-0.33297575,0.13467686
256.475,0.264775,1.35064301,-0.27986127,-0.33238516,0.12728751
256.5,0.275366,1.36018861,-0.37723507,-0.33120398,0.14838291
256.525,0.264894,1.36537387,-0.48203569,-0.32612489,0.1526735
256.55,0.24157,1.37645147,-0.53437705,-0.32718795,0.14301967
256.575,0.212415,1.38493645,-0.60062896,-0.3249437,0.13849072
256.6,0.182665,1.38752908,-0.67619386,-0.32021897,0.14349641
256.625,0.152677,1.39530697,-0.72806368,-0.32352628,0.14933638
256.65,0.139468,1.39931377,-0.76460833,-0.32376252,0.13622624
256.675,0.124474,1.40803444,-0.76849857,-0.32140015,0.12168591
256.7,0.098532,1.41687295,-0.79148633,-0.32376252,0.13062464
256.725,0.081039,1.41746219,-0.87860405,-0.31951026,0.14409232
256.75,0.054145,1.42135113,-0.91055115,-0.3133681,0.13729889
256.775,0.026775,1.42641855,-0.77368555,-0.31844719,0.12538058
256.8,0.019159,1.43360721,-0.61949072,-0.31738412,0.12645323
256.825,0.007021,1.44503835,-0.55371035,-0.31053326,0.13181647
256.85,0.005712,1.44668821,-0.55429978,-0.31065138,0.13610706
256.875,0.0119,1.45140209,-0.56962495,-0.31136009,0.12812179
256.9,0.005474,1.46483663,-0.54569411,-0.30899772,0.1111978
256.925,0.012138,1.47037543,-0.5314299,-0.30663535,0.11501166
256.95,0.017374,1.47520715,-0.50419825,-0.30687159,0.12931362
256.975,0.022253,1.48392782,-0.42273905,-0.30781653,0.12645323
257,0.038437,1.49783375,-0.28162956,-0.3120688,0.10869495
257.025,0.050575,1.50572949,-0.10527216,-0.31159632,0.10488109
257.05,0.062713,1.50855782,0.02145524,-0.30132002,0.11381982
257.075,0.07497,1.51998897,0.07709742,-0.29848518,0.11370064
257.1,0.086989,1.52694193,0.11258109,-0.29789459,0.11298554
257.125,0.091154,1.53377705,0.11470304,-0.29494163,0.10654966
257.15,0.096628,1.54461896,0.01897964,-0.29399668,0.0935587
257.175,0.108171,1.54709375,-0.12095099,-0.29269738,0.09057913
257.2,0.108528,1.54426542,-0.25498733,-0.29340609,0.09200932
257.225,0.103292,1.54791867,-0.3022596,-0.28809076,0.08342814
257.25,0.094367,1.56017475,-0.27184502,-0.28690958,0.07842245
257.275,0.088774,1.56488862,-0.39020253,-0.29057125,0.07806491
257.3,0.092463,1.56901327,-0.58695419,-0.2909256,0.07758817
257.325,0.090797,1.58044441,-0.76354736,-0.29340609,0.07651553
257.35,0.08687,1.58763307,-0.93141696,-0.28927195,0.06292866
257.375,0.086275,1.59706082,-0.95098603,-0.29127996,0.06280947
257.4,0.085204,1.60790273,-0.87742519,-0.29624093,0.06495477
257.425,0.086037,1.61379508,-0.75376282,-0.28903571,0.05446666
257.45,0.083181,1.6166234,-0.58636476,-0.29045313,0.05506257
257.475,0.073185,1.62204436,-0.45633655,-0.29352421,0.05184463
257.5,0.058905,1.63465397,-0.40517404,-0.2909256,0.03790021
257.525,0.04641,1.64243187,-0.42886912,-0.29234303,0.03182188
257.55,0.030583,1.63983924,-0.37982856,-0.29340609,0.03337126
257.575,0.0119,1.64584943,-0.22693047,-0.29494163,0.03492064
257.6,0.016184,1.66046244,-0.00389024,-0.29057125,0.02824639
257.625,0.037723,1.66446923,0.21502399,-0.28348415,0.01251422
257.65,0.060333,1.66812249,0.29601164,-0.28218484,0.00870036
257.675,0.087227,1.67425052,0.29447913,-0.27698763,0.00715098
257.7,0.111146,1.6731899,0.24331662,-0.27344408,0.00154938
257.725,0.123522,1.67743239,0.1368656,-0.27580645,0.01013056
257.75,0.123284,1.68898138,0.02617068,-0.27497962,0.01454033
257.775,0.119,1.69640573,-0.09100796,-0.2735622,0.0021453
257.8,0.110908,1.69852698,-0.0973738,-0.26883746,-0.01692399
257.825,0.109599,1.70053038,0.15183712,-0.2606873,-0.02443253
257.85,0.118881,1.70347655,0.4071781,-0.25974235,-0.00786608
257.875,0.120785,1.70830827,0.44348698,-0.26163224,0.00274121
257.9,0.127568,1.71549693,0.4458447,-0.2606873,-0.0133485
257.925,0.130543,1.72409975,0.44596258,-0.25938799,-0.02860393
257.95,0.111622,1.7259853,0.38607652,-0.26127789,-0.03015331
257.975,0.090202,1.7222142,0.28941003,-0.26245907,-0.03074923
258,0.080801,1.72233205,0.16716229,-0.25844305,-0.03408636
258.025,0.086751,1.72999209,0.13592251,-0.2574981,-0.03110678
258.05,0.093653,1.73741645,0.15773141,-0.26092353,-0.03301371
258.075,0.088298,1.73682721,0.18567039,-0.26316778,-0.04636221
258.1,0.082229,1.73659152,0.27443851,-0.26210472,-0.05220218
258.125,0.082824,1.73376319,0.32371484,-0.25596256,-0.05220218
258.15,0.084966,1.73199549,0.2283451,-0.25678939,-0.04540875
258.175,0.085204,1.73329181,0.0285284,-0.25915176,-0.04314427
258.2,0.079016,1.73058133,-0.17753625,-0.25147406,-0.05422829
258.225,0.074494,1.73105272,-0.25345481,-0.24828486,-0.06006826
258.25,0.070567,1.73069917,-0.20665409,-0.25029288,-0.05851888
258.275,0.063903,1.72751731,-0.22315812,-0.25005664,-0.05422829
258.3,0.067592,1.72657453,-0.1099876,-0.24733992,-0.05053362
258.325,0.065331,1.72516037,0.29447913,-0.24190647,-0.04969934
258.35,0.059143,1.71938587,0.41660898,-0.23942598,-0.052083
258.375,0.060452,1.71420061,0.12330871,-0.2395441,-0.05792297
258.4,0.056406,1.71196152,0.02817474,-0.23552808,-0.06483559
258.425,0.050813,1.70854396,0.05257714,-0.23340195,-0.06710006
258.45,0.04641,1.70265162,0.03041458,-0.23304759,-0.06662333
258.475,0.042007,1.69640573,0.19168257,-0.23021275,-0.06328621
258.5,0.039627,1.68980631,0.24980035,-0.22572425,-0.06364376
258.525,0.037009,1.68026071,-0.00011789,-0.22147199,-0.0717482
258.55,0.024157,1.67731454,-0.33621076,-0.22418871,-0.07353595
258.575,0.009996,1.67743239,-0.51197872,-0.22631484,-0.07866082
258.6,0.011186,1.66871172,-0.5146901,-0.22525178,-0.08354733
258.625,0.00833,1.66034459,-0.56349489,-0.22229882,-0.07937592
258.65,0.003689,1.66034459,-0.61654357,-0.21733785,-0.08259386
258.675,0.004403,1.65563072,-0.54651931,-0.21426677,-0.09534645
258.7,0.001071,1.64561373,-0.39845454,-0.21391241,-0.09546563
258.725,0.001547,1.63960354,-0.30827178,-0.21426677,-0.08271305
258.75,0.002023,1.62781885,-0.39279602,-0.21462112,-0.08736118
258.775,-0.002499,1.61744833,-0.50702751,-0.21757408,-0.09582318
258.8,-0.007616,1.61249876,-0.55429978,-0.21143193,-0.09403544
258.825,-0.013209,1.6073135,-0.6112387,-0.20966015,-0.09808766
258.85,-0.01547,1.60483871,-0.65544593,-0.21379429,-0.10011377
258.875,-0.010472,1.59694297,-0.66299063,-0.20930579,-0.09451217
258.9,-0.003808,1.58975431,-0.62679965,-0.2087152,-0.08807628
258.925,0.002261,1.58515829,-0.58105989,-0.20670719,-0.08819547
258.95,0.007735,1.57832317,-0.55618596,-0.20623472,-0.10523864
258.975,0.013328,1.57325575,-0.5776412,-0.20717966,-0.12514222
259,0.015589,1.56123537,-0.71167754,-0.20576224,-0.12252019
259.025,0.013804,1.55593226,-0.81753913,-0.20399047,-0.11787205
259.05,0.02023,1.55440025,-0.80221395,-0.19749395,-0.12466548
259.075,0.029036,1.537666,-0.782527,-0.19737584,-0.12788343
259.1,0.037009,1.5338949,-0.7749823,-0.19867514,-0.1301479
259.125,0.041174,1.53377705,-0.74704332,-0.19442288,-0.12716833
259.15,0.036295,1.52128528,-0.68668571,-0.18745389,-0.12585731
259.175,0.036533,1.51928188,-0.59721027,-0.18603647,-0.13443849
259.2,0.037961,1.51916404,-0.52907218,-0.1894619,-0.13884827
259.225,0.040698,1.51315385,-0.54168598,-0.18485529,-0.13872908
259.25,0.051408,1.50785074,-0.65025895,-0.1797762,-0.13336585
259.275,0.060214,1.49877653,-0.75576688,-0.17717759,-0.12347365
259.3,0.065569,1.49135218,-0.7699132,-0.17682324,-0.12645323
259.325,0.064379,1.48899524,-0.74598235,-0.17694135,-0.1400401
259.35,0.059738,1.48793462,-0.75246608,-0.1778863,-0.14540334
259.375,0.058667,1.48227797,-0.80233184,-0.17705947,-0.14397314
259.4,0.05712,1.46754711,-0.86162848,-0.17233474,-0.14659517
259.425,0.058191,1.46000491,-0.87436016,-0.17150791,-0.15386533
259.45,0.059143,1.45894429,-0.84418135,-0.16678317,-0.15708328
259.475,0.061047,1.4544661,-0.81954319,-0.16383021,-0.15446125
259.5,0.068901,1.45364118,-0.80162452,-0.16607446,-0.15577226
259.525,0.075327,1.44798453,-0.74221,-0.16465704,-0.16208896
259.55,0.086275,1.43914601,-0.64601506,-0.16796436,-0.15958612
259.575,0.096152,1.43502137,-0.53178356,-0.16690129,-0.15064739
259.6,0.101031,1.43195735,-0.40022283,-0.16288527,-0.15207759
259.625,0.112098,1.42865764,-0.29601164,-0.16560199,-0.16196978
259.65,0.123641,1.42488654,-0.24190199,-0.16406645,-0.17317299
259.675,0.140896,1.42099759,-0.21231261,-0.16536575,-0.17305381
259.7,0.160293,1.41298401,-0.15938182,-0.16619258,-0.1625657
259.725,0.168147,1.40579535,-0.06766654,-0.16572011,-0.16637955
259.75,0.177548,1.40638458,0.02899995,-0.1694999,-0.17829786
259.775,0.206346,1.40827013,0.13745503,-0.16548387,-0.17710603
259.8,0.233597,1.4076809,0.20311751,-0.16690129,-0.16983586
259.825,0.24514,1.40402764,0.13780869,-0.16867307,-0.16649874
259.85,0.266917,1.40108147,0.01202437,-0.16005042,-0.17067015
259.875,0.287028,1.40178855,-0.06648768,-0.15957795,-0.18080071
259.9,0.302617,1.399903,-0.08959333,-0.16241279,-0.18199254
259.925,0.331534,1.39848884,-0.10055672,-0.15981419,-0.17424564
259.95,0.352002,1.39731037,-0.13651194,-0.15674311,-0.17364972
259.975,0.366044,1.39271434,-0.21856057,-0.15449886,-0.17782113
260,0.384727,1.38658631,-0.30237749,-0.15331768,-0.18258845
260.025,0.403172,1.37845487,-0.33786116,-0.15237273,-0.19259983
260.05,0.426615,1.37586224,-0.3383327,-0.15272708,-0.19963163
260.075,0.450058,1.37951549,-0.30273114,-0.15107343,-0.20058509
260.1,0.47005,1.38022257,-0.28563768,-0.14906541,-0.19605614
260.125,0.488614,1.37008774,-0.30827178,-0.14540374,-0.18973944
260.15,0.508963,1.36325263,-0.27325965,-0.14268702,-0.19820143
260.175,0.526575,1.36537387,-0.1704631,-0.14315949,-0.20678261
260.2,0.53907,1.36172062,-0.15914604,-0.1354818,-0.20606751
260.225,0.559895,1.35912798,-0.31617014,-0.13536368,-0.20416059
260.25,0.581196,1.35559258,-0.43228781,-0.13878911,-0.20022754
260.275,0.59857,1.34934669,-0.41649109,-0.13288319,-0.20201529
260.3,0.610946,1.3453399,-0.38195051,-0.13619051,-0.21131157
260.325,0.618086,1.33885832,-0.30119863,-0.1354818,-0.21738991
260.35,0.636888,1.33438014,-0.2073614,-0.1291034,-0.21584053
260.375,0.658427,1.33190536,-0.25475156,-0.13323755,-0.21619807
260.4,0.677824,1.32754502,-0.43664959,-0.1341825,-0.21667481
260.425,0.695674,1.32153483,-0.63788093,-0.13619051,-0.21333768
260.45,0.711025,1.32023852,-0.76967743,-0.13867099,-0.21143075
260.475,0.731612,1.31906005,-0.79997412,-0.13205636,-0.22203804
260.5,0.748153,1.30975014,-0.7707384,-0.1354818,-0.2420608
260.525,0.763504,1.30303287,-0.75800672,-0.1380804,-0.24456364
260.55,0.781592,1.2963156,-0.84500656,-0.13111142,-0.23896204
260.575,0.801465,1.2850023,-0.97468111,-0.13182013,-0.23312207
260.6,0.81753,1.27581025,-0.98187215,-0.12721351,-0.2258519
260.625,0.830977,1.27309977,-0.89145362,-0.12024453,-0.23264534
260.65,0.851921,1.2663825,-0.86445774,-0.12296125,-0.24647057
260.675,0.86037,1.25436211,-0.92528689,-0.12414243,-0.24575547
260.7,0.86751,1.24811623,-0.9672543,-0.12083512,-0.24110733
260.725,0.881314,1.23550661,-0.9487462,-0.1188271,-0.24074979
260.75,0.891905,1.22548963,-0.91562025,-0.12036264,-0.23216861
260.775,0.912135,1.21983298,-0.90394954,-0.11800028,-0.23002331
260.8,0.923678,1.20616274,-0.9420267,-0.11528355,-0.23479063
260.825,0.934626,1.19920978,-1.02277858,-0.12130759,-0.23860449
260.85,0.953547,1.19013557,-1.05920534,-0.12130759,-0.24098815
260.875,0.96033,1.18271122,-1.02360378,-0.11551979,-0.24313345
260.9,0.969969,1.17646533,-0.9756242,-0.11977205,-0.24718567
260.925,0.983178,1.15713844,-0.95169335,-0.12142571,-0.24790077
260.95,0.998529,1.14794639,-0.97633151,-0.11717345,-0.24825832
260.975,1.01745,1.14016849,-1.02702248,-0.1194177,-0.25171463
261,1.029112,1.12838381,-1.08466871,-0.1220163,-0.25898479
261.025,1.04006,1.1248484,-1.13653853,-0.12083512,-0.26053417
261.05,1.050413,1.11212094,-1.14148974,-0.12260689,-0.25362156
261.075,1.061361,1.09632946,-1.14302226,-0.12532362,-0.24682812
261.1,1.074213,1.08348415,-1.18428235,-0.12166195,-0.25421747
261.125,1.089326,1.06804621,-1.24463996,-0.120717,-0.26625496
261.15,1.110151,1.05626152,-1.31949754,-0.12402431,-0.25791215
261.175,1.130738,1.03999865,-1.39329415,-0.1233156,-0.25433665
261.2,1.150373,1.01913976,-1.41698923,-0.12178006,-0.2694729
261.225,1.168342,1.00075564,-1.41840386,-0.12178006,-0.27602797
261.25,1.177386,0.98107522,-1.4524729,-0.12260689,-0.28091448
261.275,1.186073,0.95785938,-1.43596887,-0.12485114,-0.2863969
261.3,1.202614,0.93688264,-1.35604219,-0.12863093,-0.27364431
261.325,1.218917,0.92226963,-1.34260319,-0.1278041,-0.27126065
261.35,1.235339,0.90035011,-1.40496486,-0.1220163,-0.28067611
261.375,1.242241,0.87489518,-1.45518428,-0.12544173,-0.27710062
261.4,1.246763,0.8535649,-1.47298506,-0.12591421,-0.2716182
261.425,1.257711,0.83070261,-1.4970338,-0.11870899,-0.26518231
261.45,1.259496,0.80772247,-1.5171923,-0.12154383,-0.26553986
261.475,1.269492,0.7839174,-1.49455819,-0.12402431,-0.2765047
261.5,1.281511,0.75834463,-1.45176559,-0.1220163,-0.27614716
261.525,1.28163,0.73147554,-1.44374934,-0.12319748,-0.26220274
261.55,1.285914,0.70719908,-1.50693622,-0.12272501,-0.25886561
261.575,1.292102,0.6820977,-1.58981005,-0.12426055,-0.26565905
261.6,1.299837,0.6574677,-1.62069617,-0.12733163,-0.26506313
261.625,1.307691,0.63755158,-1.60643197,-0.12579609,-0.25695868
261.65,1.312094,0.61716407,-1.57307024,-0.12544173,-0.25028443
261.675,1.312332,0.59241623,-1.57141984,-0.12544173,-0.25719705
261.7,1.31257,0.5576514,-1.61951731,-0.1239062,-0.26863862
261.725,1.312094,0.52972169,-1.66655381,-0.12697727,-0.26363293
261.75,1.304716,0.51357667,-1.67398062,-0.12662292,-0.25385992
261.775,1.299242,0.4880039,-1.67822452,-0.12355184,-0.2582697
261.8,1.289484,0.45830649,-1.72396427,-0.12721351,-0.2631562
261.825,1.274847,0.43214448,-1.74589106,-0.12579609,-0.26375212
261.85,1.264375,0.39914736,-1.70887486,-0.1239062,-0.25779296
261.875,1.255212,0.36650377,-1.66561072,-0.12827658,-0.24682812
261.9,1.247834,0.34517349,-1.6590091,-0.12603233,-0.25207218
261.925,1.237838,0.3185401,-1.70085862,-0.12237066,-0.26732761
261.95,1.224986,0.28742852,-1.72219598,-0.12414243,-0.27173738
261.975,1.214157,0.26079513,-1.67857817,-0.12685916,-0.26625496
262,1.199401,0.23227619,-1.62906607,-0.12603233,-0.26160682
262.025,1.177148,0.20481787,-1.62352543,-0.12248877,-0.25564767
262.05,1.155728,0.17134935,-1.67197656,-0.12284313,-0.25552849
262.075,1.133118,0.14011993,-1.73587075,-0.12355184,-0.2575546
262.1,1.11027,0.11537209,-1.75060649,-0.11977205,-0.24599384
262.125,1.079687,0.08579252,-1.72714719,-0.12000829,-0.2343139
262.15,1.042202,0.05538803,-1.74141139,-0.12355184,-0.23383717
262.175,1.012571,0.02521923,-1.79398853,-0.12154383,-0.23526736
262.2,0.976157,-0.00164986,-1.81308605,-0.12154383,-0.22609027
262.225,0.937363,-0.02734047,-1.81237874,-0.12532362,-0.21572134
262.25,0.896784,-0.0583342,-1.83041529,-0.12839469,-0.20940464
262.275,0.855729,-0.08767807,-1.8512811,-0.12993023,-0.20594833
262.3,0.829192,-0.10759419,-1.86094775,-0.13052083,-0.19665205
262.325,0.799442,-0.13599529,-1.85481768,-0.13182013,-0.19391084
262.35,0.772667,-0.16368931,-1.85658597,-0.13052083,-0.21572134
262.375,0.754103,-0.17912725,-1.85941523,-0.13217448,-0.21154994
262.4,0.736372,-0.20906035,-1.83913885,-0.13642675,-0.17817868
262.425,0.71519,-0.23663652,-1.7966999,-0.13335567,-0.16447263
262.45,0.6783,-0.26032374,-1.75284633,-0.1335919,-0.16780975
262.475,0.643671,-0.28778206,-1.73139108,-0.13382814,-0.16828648
262.5,0.61285,-0.30545909,-1.70592772,-0.13028459,-0.15684491
262.525,0.581077,-0.32502168,-1.66172048,-0.13311943,-0.13455768
262.55,0.551327,-0.34576272,-1.60560676,-0.13276507,-0.12323529
262.575,0.512057,-0.36367545,-1.54866785,-0.13489121,-0.12442712
262.6,0.479689,-0.37593152,-1.50505004,-0.13666298,-0.12013653
262.625,0.447678,-0.38795191,-1.47215986,-0.13335567,-0.10440436
262.65,0.408527,-0.4052754,-1.43537944,-0.13607239,-0.0746086
262.675,0.385203,-0.42106688,-1.403786,-0.13453685,-0.05875725
262.7,0.35819,-0.43532635,-1.4222941,-0.1354818,-0.06006826
262.725,0.325346,-0.44781812,-1.45282656,-0.13477309,-0.06185601
262.75,0.303212,-0.46396314,-1.43832659,-0.12626856,-0.05959153
262.775,0.271082,-0.48034385,-1.40814778,-0.12591421,-0.04040306
262.8,0.231812,-0.48682543,-1.38692831,-0.12626856,-0.01990357
262.825,0.197778,-0.49436763,-1.37773321,-0.12473302,-0.00786608
262.85,0.173145,-0.5030883,-1.37325354,-0.12130759,0.00321794
262.875,0.159817,-0.50615232,-1.35639585,-0.12024453,0.01835419
262.9,0.143395,-0.51581576,-1.34295685,-0.1265048,0.03921123
262.925,0.120785,-0.52583275,-1.34708286,-0.1252055,0.04481283
262.95,0.078897,-0.53302141,-1.34519668,-0.12319748,0.04445528
262.975,0.028441,-0.54244916,-1.31607885,-0.12496926,0.05506257
263,0.001904,-0.54951997,-1.2811846,-0.12272501,0.06257111
263.025,-0.025585,-0.55694432,-1.25961147,-0.12414243,0.07127147
263.05,-0.059857,-0.5616582,-1.23685948,-0.1278041,0.07818409
263.075,-0.098294,-0.56531145,-1.22589609,-0.13122954,0.09403544
263.1,-0.165648,-0.56401513,-1.23131884,-0.13311943,0.11238963
263.125,-0.234549,-0.54928427,-1.25395295,-0.13193825,0.11703777
263.15,-0.285957,-0.53160724,-1.27587974,-0.1354818,0.13312748
263.175,-0.323561,-0.51935117,-1.26350171,-0.1380804,0.14516497
263.2,-0.344148,-0.51157328,-1.25135946,-0.13430061,0.15052821
263.225,-0.367115,-0.51098404,-1.25147734,-0.13347379,0.15732164
263.25,-0.394723,-0.5088628,-1.26137976,-0.13713546,0.16554527
263.275,-0.415072,-0.4973138,-1.26703829,-0.13630863,0.18282682
263.3,-0.424116,-0.49036084,-1.27835534,-0.13630863,0.18139662
263.325,-0.420189,-0.47975462,-1.32987151,-0.14091524,0.17579502
263.35,-0.408646,-0.46419883,-1.36429421,-0.14209643,0.18807087
263.375,-0.413644,-0.45559601,-1.34448936,-0.14174207,0.20010836
263.4,-0.450891,-0.44640395,-1.32091217,-0.14398632,0.20165774
263.425,-0.493255,-0.43827252,-1.35203407,-0.14693928,0.20392222
263.45,-0.528479,-0.42448444,-1.41156648,-0.14611245,0.21822419
263.475,-0.552041,-0.41977056,-1.41404208,-0.14764799,0.23085759
263.5,-0.562156,-0.42837338,-1.3391845,-0.15060095,0.23860449
263.525,-0.560966,-0.4218918,-1.24240012,-0.15083719,0.24587466
263.55,-0.544901,-0.41576377,-1.18039211,-0.15083719,0.24742404
263.575,-0.54264,-0.41034281,-1.16153036,-0.1457581,0.24861587
263.6,-0.541926,-0.40009013,-1.15127428,-0.14764799,0.24682812
263.625,-0.530264,-0.39643688,-1.12015238,-0.15355391,0.25743541
263.65,-0.539903,-0.38276664,-1.07606304,-0.14953789,0.28735036
263.675,-0.557753,-0.36874287,-1.04270131,-0.15083719,0.30248661
263.7,-0.557277,-0.35613325,-1.03468506,-0.1547351,0.30296334
263.725,-0.548709,-0.33704206,-1.05354682,-0.15497133,0.29914949
263.75,-0.546924,-0.32667153,-1.05755494,-0.15839677,0.30618129
263.775,-0.544663,-0.30887665,-1.01440868,-0.158633,0.32048325
263.8,-0.549899,-0.28672144,-0.98246158,-0.16205844,0.31786123
263.825,-0.562989,-0.27375829,-0.97326648,-0.1650114,0.32763424
263.85,-0.569415,-0.25749542,-0.94615271,-0.16229467,0.34646516
263.875,-0.573818,-0.24370733,-0.90984383,-0.16607446,0.35194758
263.9,-0.572152,-0.22815155,-0.88897802,-0.16772812,0.36040958
263.925,-0.568344,-0.20764619,-0.88685607,-0.16524763,0.37399645
263.95,-0.563703,-0.19350457,-0.85714881,-0.16784624,0.38567639
263.975,-0.552041,-0.18501959,-0.8186001,-0.16914554,0.38794087
264,-0.53788,-0.18136634,-0.8169497,-0.16879119,0.38388864
264.025,-0.534667,-0.17500261,-0.81883587,-0.1733978,0.38865597
264.05,-0.542521,-0.16981734,-0.79950258,-0.17505146,0.40474568
264.075,-0.56406,-0.16816749,-0.76130752,-0.17375216,0.40653343
264.1,-0.608804,-0.16180376,-0.72087264,-0.17623264,0.39842898
264.125,-0.628796,-0.16050744,-0.68586051,-0.17729571,0.40808281
264.15,-0.616182,-0.16427854,-0.64908009,-0.18202045,0.42012029
264.175,-0.599165,-0.16439639,-0.60180782,-0.18320163,0.42488762
264.2,-0.575603,-0.1734706,-0.55712904,-0.17835878,0.42476843
264.225,-0.569653,-0.19020485,-0.53885672,-0.18048491,0.42405334
264.25,-0.566678,-0.19975045,-0.52942584,-0.18343787,0.43561409
264.275,-0.555968,-0.20823542,-0.50950312,-0.18603647,0.45301482
264.3,-0.563108,-0.22002011,-0.48769421,-0.18863508,0.45659031
264.325,-0.56525,-0.23369035,-0.45362517,-0.18863508,0.44991606
264.35,-0.55811,-0.24700705,-0.40340575,-0.18922567,0.45372992
264.375,-0.556682,-0.26032374,-0.37310906,-0.19052497,0.46409884
264.4,-0.553469,-0.27694015,-0.35813754,-0.19028873,0.47685143
264.425,-0.554421,-0.29426364,-0.33986522,-0.18958002,0.49532481
264.45,-0.549304,-0.30640187,-0.3156986,-0.19276922,0.49830438
264.475,-0.531216,-0.31689024,-0.27785721,-0.19595842,0.49079585
264.5,-0.520625,-0.33492081,-0.2468532,-0.19560406,0.49532481
264.525,-0.525742,-0.35542617,-0.21950366,-0.19749395,0.50354844
264.55,-0.528479,-0.37534229,-0.18095495,-0.19749395,0.51165289
264.575,-0.494326,-0.3957298,-0.14653225,-0.19560406,0.50617047
264.6,-0.419475,-0.41977056,-0.12248351,-0.19832078,0.49306033
264.625,-0.344148,-0.4429864,-0.1016177,-0.20139186,0.49472889
264.65,-0.306544,-0.46184189,-0.06743077,-0.20245493,0.50092641
264.675,-0.310233,-0.48128663,-0.01721135,-0.20186434,0.5129639
264.7,-0.323918,-0.49542825,0.026878,-0.20304552,0.51773122
264.725,-0.328202,-0.51015911,0.0621259,-0.2042267,0.51379818
264.75,-0.327488,-0.52005825,0.09136162,-0.20245493,0.52047243
264.775,-0.327369,-0.52488997,0.11800385,-0.20446294,0.5347744
264.8,-0.326298,-0.5387959,0.16598343,-0.20836085,0.55491634
264.825,-0.301189,-0.54951997,0.23129225,-0.20765214,0.55944529
264.85,-0.251685,-0.55753356,0.28139378,-0.20588036,0.54371313
264.875,-0.195517,-0.56531145,0.30379212,-0.20434482,0.54633516
264.9,-0.141967,-0.5692004,0.32395062,-0.20304552,0.56600036
264.925,-0.11424,-0.57521059,0.36414973,-0.20304552,0.57148278
264.95,-0.113288,-0.57768537,0.40812119,-0.2003288,0.55992203
264.975,-0.12138,-0.57909953,0.42780815,-0.20316364,0.54931473
265,-0.123046,-0.58169216,0.42380002,-0.20505353,0.56170977
265.025,-0.116144,-0.58074939,0.42580408,-0.20363611,0.56933749
265.05,-0.137207,-0.58546326,0.42474311,-0.20918768,0.56385507
265.075,-0.190162,-0.59265192,0.41507646,-0.20989639,0.56945667
265.1,-0.231574,-0.59524455,0.40977159,-0.20942391,0.57172115
265.125,-0.249305,-0.59571594,0.39904397,-0.21143193,0.58018315
265.15,-0.249781,-0.59654087,0.39067407,-0.21107757,0.59031371
265.175,-0.243355,-0.61032895,0.38808058,-0.214503,0.59186309
265.2,-0.246687,-0.62317426,0.39421065,-0.21757408,0.59960999
265.225,-0.250614,-0.62623828,0.40706022,-0.21875527,0.60437731
265.25,-0.246925,-0.63425187,0.4055277,-0.21651102,0.60199365
265.275,-0.241927,-0.63837651,0.39409276,-0.2150936,0.59817979
265.3,-0.23681,-0.64096914,0.38643017,-0.21981833,0.60104018
265.325,-0.234192,-0.64686149,0.38595863,-0.22017269,0.61391195
265.35,-0.230265,-0.65310737,0.38430823,-0.21946398,0.61307767
265.375,-0.214676,-0.66159234,0.37063346,-0.22572425,0.60568832
265.4,-0.203609,-0.66948808,0.36320664,-0.22974028,0.61736826
265.425,-0.204918,-0.67985861,0.36226355,-0.22761415,0.62142049
265.45,-0.203728,-0.68881497,0.3560156,-0.22690543,0.61522297
265.475,-0.199087,-0.69081837,0.36014161,-0.2292678,0.61593807
265.5,-0.186949,-0.69565009,0.37558467,-0.23316571,0.62249313
265.525,-0.176834,-0.7084954,0.38725538,-0.23056711,0.63059758
265.55,-0.17374,-0.71568406,0.38265782,-0.22938592,0.63405389
265.575,-0.158508,-0.71874808,0.37640987,-0.23517372,0.64478037
265.6,-0.144823,-0.72829367,0.38159685,-0.23422878,0.65073952
265.625,-0.136612,-0.73501095,0.3837188,-0.23222076,0.65348073
265.65,-0.116739,-0.73901774,0.38277571,-0.23163017,0.65908233
265.675,-0.101507,-0.74538147,0.39303179,-0.23446501,0.66027416
265.7,-0.088774,-0.75092027,0.40906428,-0.24025281,0.66313456
265.725,-0.085323,-0.75421999,0.41566589,-0.23930787,0.66098926
265.75,-0.09163,-0.75704831,0.42191385,-0.23966222,0.6607509
265.775,-0.080444,-0.75846247,0.43547073,-0.24025281,0.66873616
265.8,-0.069496,-0.75834463,0.45103168,-0.24249706,0.67040472
265.825,-0.064974,-0.75881601,0.46623897,-0.24651309,0.65824805
265.85,-0.067116,-0.75504491,0.47779179,-0.24545002,0.64942851
265.875,-0.074018,-0.75681262,0.49264542,-0.24379637,0.65741377
265.9,-0.072828,-0.76034802,0.51091775,-0.24237894,0.67457613
265.925,-0.076636,-0.75292367,0.52459252,-0.24214271,0.6818463
265.95,-0.077469,-0.75127381,0.55088109,-0.24178835,0.67695979
265.975,-0.068901,-0.74844549,0.58117778,-0.2427333,0.67588715
266,-0.054502,-0.7386642,0.5927306,-0.24674933,0.68196548
266.025,-0.031178,-0.73748573,0.59473466,-0.24863922,0.68315731
266.05,-0.018445,-0.73701434,0.59744604,-0.24450508,0.68005855
266.075,-0.012019,-0.73218262,0.61972649,-0.24226083,0.68518342
266.1,-0.007497,-0.72852937,0.64849066,-0.24332389,0.68125038
266.125,-0.017136,-0.72876506,0.6649947,-0.24296954,0.67576796
266.15,-0.019397,-0.7235798,0.67477923,-0.2453319,0.68554097
266.175,-0.01428,-0.71297358,0.68774669,-0.24863922,0.68923565
266.2,-0.01309,-0.70637416,0.70814096,-0.25005664,0.68470669
266.225,-0.008806,-0.69671071,0.72157996,-0.24733992,0.67910509
266.25,-0.003927,-0.69588578,0.73761245,-0.25017476,0.66945126
266.275,-0.00238,-0.70083535,0.7481043,-0.25608068,0.66384966
266.3,-0.013328,-0.69588578,0.75187665,-0.25194653,0.66754433
266.325,-0.025585,-0.68975775,0.76460833,-0.25123782,0.67576796
266.35,-0.024276,-0.68610449,0.77203515,-0.25525385,0.68160793
266.375,-0.028441,-0.68563311,0.78311643,-0.25407267,0.67517205
266.4,-0.033915,-0.69093622,0.79561234,-0.25135594,0.66790188
266.425,-0.025704,-0.70083535,0.79313673,-0.24745804,0.6684978
266.45,-0.027251,-0.70790617,0.78594569,-0.24804863,0.66754433
266.475,-0.032844,-0.71061664,0.78016928,-0.25017476,0.66361129
266.5,-0.024633,-0.7104988,0.7782831,-0.24367825,0.65765214
266.525,-0.01904,-0.71262004,0.78523837,-0.2395441,0.64859422
266.55,-0.009401,-0.71521267,0.78453106,-0.2382448,0.64060896
266.575,0.00119,-0.7084954,0.75918558,-0.2356462,0.64048978
266.6,0.00357,-0.70177813,0.72558808,-0.2382448,0.63965549
266.625,0.004998,-0.69706425,0.71438891,-0.23918975,0.64060896
266.65,-0.001071,-0.69011129,0.71167754,-0.23895351,0.64358854
266.675,0,-0.67891583,0.6994174,-0.24060717,0.63369634
266.7,0.002142,-0.66677761,0.68562474,-0.23942598,0.61760663
266.725,-0.000119,-0.65240029,0.66770607,-0.23635491,0.61248176
266.75,0.012733,-0.63177709,0.66039714,-0.23718174,0.62082457
266.775,0.014518,-0.61162527,0.65285244,-0.23942598,0.62988248
266.8,0.008568,-0.58275279,0.63104354,-0.23789045,0.62499598
266.825,0.014994,-0.55175906,0.60322245,-0.23540996,0.60676097
266.85,0.014756,-0.52653983,0.57351519,-0.23481937,0.60318548
266.875,0.018802,-0.49625318,0.56196237,-0.2356462,0.6156997
266.9,0.02618,-0.4691484,0.5625518,-0.23399254,0.61701071
266.925,0.025704,-0.44510764,0.55630384,-0.23198453,0.60759525
266.95,0.026418,-0.4145853,0.54534045,-0.22867721,0.60366221
266.975,0.02618,-0.38571281,0.53378762,-0.22938592,0.60187446
267,0.026656,-0.36049358,0.5247104,-0.232457,0.59722632
267.025,0.028917,-0.33633498,0.53532014,-0.22891345,0.60330466
267.05,0.038913,-0.31417976,0.55005589,-0.22737791,0.60711852
267.075,0.047243,-0.29249594,0.54475102,-0.22501554,0.5946043
267.1,0.052122,-0.27611522,0.5415681,-0.21993645,0.58256681
267.125,0.066164,-0.26079513,0.54816971,-0.21934586,0.5798256
267.15,0.075446,-0.24783197,0.55441767,-0.22206258,0.5783954
267.175,0.077112,-0.23863992,0.55300303,-0.22099952,0.57922968
267.2,0.07378,-0.22379121,0.55205995,-0.21958209,0.5776803
267.225,0.067592,-0.21377423,0.5566575,-0.21946398,0.57434318
267.25,0.070805,-0.20634987,0.57316153,-0.21556607,0.57791867
267.275,0.082586,-0.19739351,0.58612899,-0.21792844,0.5713636
267.3,0.086632,-0.19350457,0.57575502,-0.22040892,0.55956448
267.325,0.081396,-0.18914423,0.57434039,-0.21922774,0.55670408
267.35,0.0833,-0.18619806,0.58318184,-0.22147199,0.56242487
267.375,0.09163,-0.17889155,0.58825094,-0.21970021,0.56278242
267.4,0.104006,-0.16993519,0.59827124,-0.21887338,0.55312859
267.425,0.115906,-0.16875672,0.60734846,-0.22123575,0.548838
267.45,0.121261,-0.16227514,0.59709238,-0.21958209,0.54514333
267.475,0.121737,-0.15320093,0.57976315,-0.21674725,0.54430905
267.5,0.109837,-0.14754428,0.56773878,-0.21544795,0.55062575
267.525,0.104482,-0.14318395,0.54616565,-0.21084133,0.55479715
267.55,0.114359,-0.13693807,0.51893399,-0.2061166,0.54705026
267.575,0.113169,-0.12739247,0.48981616,-0.20800649,0.53870744
267.6,0.112931,-0.12208936,0.46152353,-0.20954203,0.53417848
267.625,0.123522,-0.11643271,0.43169838,-0.21107757,0.53751561
267.65,0.137564,-0.11207238,0.39656837,-0.21155004,0.53799234
267.675,0.147441,-0.11195453,0.36202778,-0.20682531,0.52047243
267.7,0.147798,-0.1128973,0.33232052,-0.20528977,0.5185655
267.725,0.147679,-0.11160099,0.31888152,-0.20434482,0.52690832
267.75,0.133042,-0.10570864,0.30320269,-0.20091939,0.52607404
267.775,0.119952,-0.09793075,0.26583284,-0.19938385,0.51725449
267.8,0.130067,-0.08791377,0.23754021,-0.19820267,0.50807739
267.825,0.140896,-0.08237496,0.22492641,-0.19607653,0.50771985
267.85,0.148036,-0.06929396,0.20924758,-0.19383228,0.50640883
267.875,0.148155,-0.05373817,0.19109314,-0.19572218,0.50104559
267.9,0.142324,-0.04289626,0.16999155,-0.19962009,0.49568236
267.925,0.145299,-0.02309799,0.15690621,-0.19607653,0.49460971
267.95,0.149345,-0.01555579,0.14841842,-0.19359605,0.48328732
267.975,0.160293,-0.01143115,0.13344691,-0.19643089,0.47613633
268,0.185164,0.00483172,0.11741442,-0.19194239,0.47899673
268.025,0.207417,0.01555579,0.10126404,-0.18958002,0.47160738
268.05,0.229313,0.02097674,0.08322749,-0.19489535,0.46409884
268.075,0.249543,0.02463,0.06082915,-0.19454099,0.45790133
268.1,0.253351,0.03405775,0.0360731,-0.18828072,0.46135763
268.125,0.248234,0.04254272,0.01072762,-0.18757201,0.46660169
268.15,0.240261,0.0414821,-0.01332111,-0.18993438,0.4559944
268.175,0.229075,0.04478181,-0.04573975,-0.18509152,0.44920096
268.2,0.227766,0.04466396,-0.07403238,-0.18497341,0.44574465
268.225,0.234311,0.03358636,-0.08287383,-0.19123368,0.44586384
268.25,0.241808,0.02722263,-0.09631283,-0.18709954,0.44920096
268.275,0.25347,0.02851894,-0.11871116,-0.18391034,0.43382635
268.3,0.261681,0.03558976,-0.13792657,-0.18473717,0.42155049
268.325,0.271558,0.04878861,-0.15006883,-0.18166609,0.42274232
268.35,0.279412,0.0565665,-0.17341025,-0.18461905,0.42155049
268.375,0.284767,0.05904128,-0.19828418,-0.18532776,0.42226559
268.4,0.306544,0.062341,-0.19545492,-0.17694135,0.41833255
268.425,0.327369,0.06929396,-0.18178015,-0.17505146,0.40534159
268.45,0.336532,0.06823334,-0.18189804,-0.1791856,0.39914408
268.475,0.348313,0.05244186,-0.18885331,-0.1752877,0.40844035
268.5,0.363307,0.04419258,-0.18260535,-0.17304345,0.41416114
268.525,0.375326,0.03723961,-0.1839021,-0.17422463,0.40403058
268.55,0.381871,0.02498354,-0.1981663,-0.16666505,0.38806005
268.575,0.389844,0.02698693,-0.20205653,-0.16607446,0.39032453
268.6,0.393533,0.0281654,-0.20134922,-0.16914554,0.40200447
268.625,0.388297,0.01909119,-0.20264596,-0.16194032,0.39640286
268.65,0.398412,0.02038751,-0.2140809,-0.15981419,0.37733357
268.675,0.425425,0.02769402,-0.23895484,-0.16229467,0.37268544
268.7,0.445536,0.03052234,-0.25769871,-0.16087725,0.39282737
268.725,0.457793,0.02981526,-0.26477186,-0.15768806,0.40152774
268.75,0.454937,0.03252574,-0.27585314,-0.15851488,0.39747551
268.775,0.433398,0.04501751,-0.29188564,-0.16087725,0.39056289
268.8,0.400911,0.05609511,-0.30461732,-0.15851488,0.38412701
268.825,0.364021,0.06399085,-0.30968641,-0.15591628,0.38794087
268.85,0.351645,0.06811549,-0.30402789,-0.15508945,0.38555721
268.875,0.356881,0.07000104,-0.29825148,-0.15272708,0.38376946
268.9,0.347837,0.07282937,-0.29577587,-0.15012848,0.3869874
268.925,0.324632,0.07495061,-0.27868241,-0.14953789,0.38460374
268.95,0.297262,0.0809608,-0.25486944,-0.14823858,0.38126662
268.975,0.270249,0.0811965,-0.2334142,-0.14989224,0.37804867
269,0.250376,0.07495061,-0.20901181,-0.15178214,0.37387727
269.025,0.249067,0.07495061,-0.18189804,-0.14516751,0.37828704
269.05,0.265132,0.08378913,-0.14511762,-0.14197831,0.39294656
269.075,0.285957,0.09156702,-0.12531277,-0.14280514,0.40152774
269.1,0.312613,0.09392396,-0.11482092,-0.13878911,0.3891327
269.125,0.343196,0.09592735,-0.08122343,-0.1393797,0.37471155
269.15,0.361522,0.10111262,-0.05634949,-0.13772605,0.38174335
269.175,0.37842,0.11548994,-0.04149586,-0.13122954,0.3940192
269.2,0.401268,0.1337562,-0.02228045,-0.13146577,0.39962081
269.225,0.40579,0.15155108,-0.00141463,-0.13111142,0.39318492
269.25,0.403886,0.15579357,0.01296746,-0.12933964,0.38829842
269.275,0.413644,0.15567572,0.01520729,-0.13241072,0.39270819
269.3,0.423878,0.1656927,0.02546337,-0.13111142,0.39294656
269.325,0.437801,0.16533916,0.02676011,-0.13004835,0.39425757
269.35,0.45339,0.16698902,0.01167071,-0.12957588,0.39628368
269.375,0.467313,0.1676961,0.00188618,-0.12662292,0.39890571
269.4,0.486234,0.15119754,-0.0050691,-0.13158389,0.401051
269.425,0.503727,0.14059132,-0.0126138,-0.12839469,0.4087979
269.45,0.528598,0.13788084,-0.03795928,-0.12461491,0.41344604
269.475,0.563822,0.1355239,-0.06177224,-0.12709539,0.40748689
269.5,0.591311,0.13410974,-0.0613007,-0.12674104,0.4039114
269.525,0.611898,0.13139926,-0.07285352,-0.13028459,0.40712934
269.55,0.616658,0.12892448,-0.10032095,-0.12496926,0.41892846
269.575,0.603568,0.12491769,-0.13108919,-0.12307937,0.42250396
269.6,0.591311,0.12468199,-0.15549158,-0.12319748,0.41380359
269.625,0.556563,0.12927802,-0.1721135,-0.11918146,0.40987055
269.65,0.500276,0.13139926,-0.1914468,-0.12485114,0.41511461
269.675,0.459221,0.13081003,-0.20771506,-0.1239062,0.42476843
269.7,0.424116,0.13139926,-0.22716624,-0.12059888,0.42667536
269.725,0.39508,0.1375273,-0.23541826,-0.12189818,0.42596026
269.75,0.379134,0.13847008,-0.22728413,-0.12343372,0.43621001
269.775,0.370447,0.13493467,-0.21443456,-0.12272501,0.43454144
269.8,0.378777,0.13481682,-0.19521915,-0.11859087,0.42178886
269.825,0.383418,0.12739247,-0.17671105,-0.12178006,0.42453007
269.85,0.368067,0.12362137,-0.14995094,-0.12272501,0.43239615
269.875,0.35224,0.12868879,-0.11281686,-0.12095324,0.43454144
269.9,0.331177,0.13092788,-0.06695922,-0.1220163,0.43477981
269.925,0.305592,0.13116357,-0.02004061,-0.11906334,0.43728266
269.95,0.281435,0.13458113,0.00978453,-0.11811839,0.43728266
269.975,0.243831,0.14589443,0.03866659,-0.11540167,0.43251533
270,0.207298,0.16345361,0.07143889,-0.1136299,0.42560272
270.025,0.19754,0.17924509,0.10020307,-0.11693721,0.42727128
270.05,0.224315,0.18560882,0.12660952,-0.11599226,0.43477981
270.075,0.271201,0.1920904,0.14264201,-0.11800028,0.43084677
270.1,0.297024,0.20387509,0.16468669,-0.1194177,0.42965494
270.125,0.293454,0.21695609,0.19922727,-0.11351178,0.4341839
270.15,0.266798,0.22720877,0.23695078,-0.11410237,0.43609082
270.175,0.220983,0.23215834,0.27349543,-0.11386613,0.44133488
270.2,0.187425,0.23534021,0.30013765,-0.10902328,0.43358798
270.225,0.170884,0.23439743,0.33232052,-0.11244871,0.42822474
270.25,0.155652,0.23687221,0.35566194,-0.10973199,0.44252671
270.275,0.147679,0.24594642,0.36391396,-0.10618844,0.43656756
270.3,0.127568,0.25301724,0.37381638,-0.11079505,0.42596026
270.325,0.086037,0.25325293,0.38183262,-0.10902328,0.43656756
270.35,0.054859,0.24229317,0.39468219,-0.10512537,0.44383772
270.375,0.044387,0.23416174,0.41319029,-0.09981004,0.43859367
270.4,0.050337,0.22909432,0.44148292,-0.09673896,0.42810556
270.425,0.067354,0.22862293,0.46647474,-0.09685708,0.42750964
270.45,0.064617,0.24441441,0.48309666,-0.0943766,0.42810556
270.475,0.041769,0.25077815,0.49347063,-0.09532154,0.43084677
270.5,0.01666,0.24724274,0.5071454,-0.09496719,0.43895122
270.525,-0.014042,0.24912829,0.52777544,-0.09473095,0.43740184
270.55,-0.025228,0.25407786,0.5273039,-0.09532154,0.42858229
270.575,-0.024871,0.26798379,0.5214096,-0.09000622,0.42560272
270.6,-0.028322,0.28271465,0.50903157,-0.08480901,0.43823612
270.625,-0.022015,0.28931407,0.48993405,-0.0841003,0.43692511
270.65,-0.021063,0.29626704,0.48851942,-0.08658078,0.42750964
270.675,-0.018802,0.30781603,0.49724298,-0.08728949,0.43382635
270.7,-0.017493,0.31700809,0.50502345,-0.0841003,0.4376402
270.725,-0.022967,0.31877579,0.50502345,-0.08421841,0.44061978
270.75,-0.019278,0.32148627,0.51303969,-0.08386406,0.44288426
270.775,-0.013209,0.31901148,0.51975919,-0.07937556,0.43787857
270.8,-0.005236,0.31747948,0.51763725,-0.08102922,0.43370716
270.825,0.002856,0.32490383,0.52659658,-0.08126546,0.43120432
270.85,0.003332,0.32101488,0.5356738,-0.0809111,0.43454144
270.875,0.005355,0.32360751,0.55135263,-0.08185605,0.44193079
270.9,0.014399,0.33279957,0.56938918,-0.07736755,0.44085815
270.925,0.032963,0.32266474,0.57139324,-0.07843061,0.44014305
270.95,0.05236,0.31783302,0.5591331,-0.07713131,0.44252671
270.975,0.054264,0.3223112,0.52329577,-0.0764226,0.44598302
271,0.036295,0.32018995,0.48910884,-0.07784002,0.44836668
271.025,-0.001666,0.32101488,0.47743813,-0.07335152,0.43811694
271.05,-0.039032,0.31948287,0.47001132,-0.0751233,0.42953576
271.075,-0.057477,0.31512254,0.45279997,-0.07547765,0.43001249
271.1,-0.060928,0.31052651,0.42556831,-0.06874491,0.43537573
271.125,-0.037009,0.29650273,0.41436915,-0.06756372,0.44491037
271.15,0.005474,0.29237809,0.41165777,-0.06968985,0.43895122
271.175,0.04165,0.29626704,0.39727568,-0.06791808,0.42309987
271.2,0.070091,0.29779905,0.37381638,-0.0674456,0.41559134
271.225,0.086037,0.30180584,0.3517717,-0.07028044,0.41737908
271.25,0.098651,0.30133445,0.34458066,-0.06520135,0.42727128
271.275,0.126616,0.30380924,0.32583679,-0.06094909,0.43048922
271.3,0.16422,0.30569479,0.29447913,-0.06650066,0.42870147
271.325,0.198135,0.3034557,0.27432063,-0.0661463,0.42095458
271.35,0.214914,0.2996846,0.25934911,-0.06508324,0.41177748
271.375,0.225981,0.29273163,0.23388574,-0.06591006,0.41547215
271.4,0.234311,0.28778206,0.19545492,-0.06047662,0.41857091
271.425,0.236096,0.2788257,0.16185742,-0.06024038,0.42000111
271.45,0.250376,0.27269766,0.12224774,-0.06024038,0.41213503
271.475,0.269654,0.27470106,0.07839416,-0.05362575,0.40486486
271.5,0.291312,0.27022288,0.05198771,-0.05669683,0.41773663
271.525,0.315707,0.27564384,0.03182921,-0.05941355,0.42238477
271.55,0.324037,0.28872484,0.01567883,-0.05468882,0.40665261
271.575,0.319396,0.29320302,0.00047154,-0.05421634,0.39878653
271.6,0.307615,0.29626704,-0.01025608,-0.05468882,0.4046265
271.625,0.29512,0.2956778,-0.01579672,-0.05587,0.40271957
271.65,0.291669,0.2994489,-0.03041458,-0.05598812,0.39926326
271.675,0.291193,0.30251292,-0.03513002,-0.05740554,0.39604532
271.7,0.288099,0.30333785,-0.04432512,-0.06024038,0.38972861
271.725,0.28917,0.3107622,-0.06342265,-0.06130345,0.39211227
271.75,0.294525,0.31618316,-0.07827628,-0.06508324,0.38806005
271.775,0.296786,0.31842225,-0.10397542,-0.06839055,0.38412701
271.8,0.304997,0.31877579,-0.12036156,-0.06815431,0.39127799
271.825,0.313922,0.32478598,-0.13993063,-0.06425641,0.38865597
271.85,0.315826,0.33056048,-0.15973547,-0.06260275,0.38949025
271.875,0.333914,0.33256388,-0.16350783,-0.0629571,0.38996698
271.9,0.353668,0.33928115,-0.17175984,-0.06201216,0.37769112
271.925,0.358547,0.34352363,-0.17352813,-0.06177592,0.37649929
271.95,0.372708,0.34635196,-0.17918666,-0.06319334,0.37197034
271.975,0.38794,0.34729473,-0.18625982,-0.06543759,0.37006341
272,0.392105,0.34481995,-0.19050371,-0.06153968,0.3757842
272.025,0.394485,0.34045962,-0.205711,-0.05787801,0.36636873
272.05,0.39627,0.32891062,-0.21726382,-0.05823237,0.36112468
272.075,0.405314,0.31877579,-0.23671501,-0.05563376,0.35778755
272.1,0.428757,0.31582962,-0.2703125,-0.05055467,0.34634598
272.125,0.451248,0.31264775,-0.30685715,-0.04618429,0.3377648
272.15,0.448987,0.31182283,-0.34705626,-0.04925537,0.33478522
272.175,0.432684,0.30946589,-0.38348303,-0.05055467,0.33049463
272.2,0.417452,0.30192369,-0.41766995,-0.04394004,0.33061381
272.225,0.410193,0.29956675,-0.45291786,-0.04181391,0.32727669
272.25,0.413882,0.30180584,-0.48757633,-0.04370381,0.31464328
272.275,0.420427,0.30404493,-0.50596654,-0.04193203,0.31857633
272.3,0.41769,0.30215938,-0.51822668,-0.04004214,0.3166694
272.325,0.383656,0.30050953,-0.54663719,-0.03933343,0.30391681
272.35,0.340102,0.30380924,-0.576816,-0.04145956,0.30701557
272.375,0.321776,0.30534125,-0.61736877,-0.04405816,0.30737312
272.4,0.316778,0.30687326,-0.65568171,-0.03862471,0.29319033
272.425,0.307972,0.30958373,-0.67808004,-0.03886095,0.28627772
272.45,0.300594,0.30852311,-0.70201089,-0.03744353,0.28663526
272.475,0.302498,0.30380924,-0.72429133,-0.03153761,0.28401324
272.5,0.299761,0.30369139,-0.74327097,-0.0340181,0.27578961
272.525,0.297738,0.3072268,-0.76095387,-0.03248256,0.26875781
272.55,0.298928,0.30640187,-0.7858278,-0.03000207,0.27578961
272.575,0.301903,0.30923019,-0.80586842,-0.03118326,0.2723333
272.6,0.32011,0.31182283,-0.81683181,-0.03307315,0.25445584
272.625,0.337484,0.31311914,-0.83192121,-0.03071078,0.24408691
272.65,0.345814,0.32278258,-0.84866102,-0.03224632,0.25040361
272.675,0.347242,0.33020694,-0.86716912,-0.03555364,0.2645864
272.7,0.334866,0.3371599,-0.8857951,-0.03177385,0.25147626
272.725,0.305354,0.34682335,-0.9143235,-0.03295503,0.2216805
272.75,0.263228,0.35436555,-0.94568116,-0.03047455,0.226567
272.775,0.225505,0.36673947,-0.98281524,-0.02882089,0.24372936
272.8,0.201586,0.38594851,-1.03044117,-0.03012019,0.23252615
272.825,0.183022,0.39855812,-1.06132729,-0.02385992,0.23109596
272.85,0.167195,0.40044367,-1.09020935,-0.02161567,0.22477926
272.875,0.161364,0.40468616,-1.11213614,-0.01984389,0.20165774
272.9,0.156009,0.40680741,-1.12663611,-0.01594598,0.20594833
272.925,0.145656,0.40916434,-1.15822955,-0.01937142,0.21023892
272.95,0.12614,0.41977056,-1.17768073,-0.02704911,0.20344549
272.975,0.107219,0.42990539,-1.20420507,-0.03201008,0.20654425
273,0.100317,0.43238018,-1.24911962,-0.02929336,0.20356467
273.025,0.100436,0.4316731,-1.2854285,-0.02409615,0.20034673
273.05,0.109361,0.43756544,-1.32220892,-0.02515922,0.20845118
273.075,0.104482,0.44004022,-1.35450967,-0.02740347,0.20082346
273.1,0.084133,0.4447541,-1.3836275,-0.02350556,0.18139662
273.125,0.062951,0.45359261,-1.40319657,-0.02043448,0.1751991
273.15,0.041412,0.45323907,-1.41710712,-0.02043448,0.17615257
273.175,0.025466,0.45559601,-1.42594856,-0.02090696,0.18532966
273.2,0.002499,0.45759941,-1.42583068,-0.0205526,0.18354192
273.225,-0.03451,0.45913142,-1.4416274,-0.01582786,0.16578364
273.25,-0.074494,0.467145,-1.44740381,-0.01641846,0.16578364
273.275,-0.101269,0.46702716,-1.44657861,-0.02279685,0.17210034
273.3,-0.123284,0.46855917,-1.45659891,-0.02350556,0.17305381
273.325,-0.156366,0.48010816,-1.45801354,-0.01901706,0.17353054
273.35,-0.171122,0.48329003,-1.44622495,-0.01618222,0.16399589
273.375,-0.156366,0.48470419,-1.41816809,-0.01594598,0.15469961
273.4,-0.144466,0.48812175,-1.3962413,-0.01594598,0.15136249
273.425,-0.144942,0.48588266,-1.36924542,-0.01133937,0.14874046
273.45,-0.147798,0.4842328,-1.33670889,-0.00874076,0.14611843
273.475,-0.150773,0.48057955,-1.32044063,-0.01039442,0.13944418
273.5,-0.150178,0.47362658,-1.29792441,-0.00590592,0.12371202
273.525,-0.132685,0.4709161,-1.27529031,-0.00602404,0.1153692
273.55,-0.11186,0.47209457,-1.2534814,-0.00803205,0.1153692
273.575,-0.113407,0.46832347,-1.22754649,-0.00590592,0.11012515
273.6,-0.121737,0.46266682,-1.19854655,-0.0057878,0.11167453
273.625,-0.129591,0.4598385,-1.16718888,0.00011812,0.11346228
273.65,-0.143276,0.45571386,-1.14950599,0.00153554,0.11644185
273.675,-0.154462,0.44911443,-1.1259288,-0.00188989,0.10511946
273.7,-0.165172,0.44310424,-1.10671339,0.00094495,0.08295141
273.725,-0.180166,0.44251501,-1.10506298,-0.00035436,0.08962566
273.75,-0.195755,0.44169008,-1.0939817,0.00106307,0.09951786
273.775,-0.218246,0.44216147,-1.07240857,0.00602404,0.09260524
273.8,-0.251447,0.44993936,-1.05472568,0.00543345,0.08295141
273.825,-0.281316,0.44887874,-1.04800618,0.00826829,0.07580043
273.85,-0.308686,0.44546118,-1.02655093,0.0070871,0.06447804
273.875,-0.330344,0.44734673,-0.9974331,0.00212613,0.05613522
273.9,-0.346409,0.44487195,-0.98375833,0.00354355,0.05148708
273.925,-0.368424,0.44333994,-0.97314859,0.00106307,0.04171407
273.95,-0.378063,0.44180793,-0.96525023,-0.00177178,0.0429059
273.975,-0.375564,0.43650482,-0.94921774,-0.00177178,0.04135652
274,-0.36295,0.427902,-0.93353891,-0.00165366,0.02610109
274.025,-0.327726,0.41823855,-0.92599421,0.00389791,0.01156076
274.05,-0.292978,0.41411391,-0.91326253,0.0057878,0.00619752
274.075,-0.268821,0.41293544,-0.90347799,0.00188989,0.00989219
274.1,-0.254303,0.40103291,-0.89463654,0.00283484,0.0070318
274.125,-0.254303,0.39525841,-0.88838859,0.00791393,-0.00166856
274.15,-0.252994,0.39478702,-0.8984089,0.01039442,-0.008462
274.175,-0.256802,0.38535927,-0.9134983,0.00779581,-0.01430197
274.2,-0.277151,0.38712698,-0.91727065,0.00543345,-0.01299095
274.225,-0.301784,0.38453435,-0.89935198,0.00779581,-0.01763909
274.25,-0.329987,0.38253095,-0.86940895,0.01181184,-0.02574354
274.275,-0.351526,0.39089808,-0.85243337,0.01322926,-0.02943822
274.3,-0.356762,0.38913037,-0.8446529,0.01322926,-0.03337126
274.325,-0.344267,0.38559497,-0.83734397,0.01618222,-0.03575492
274.35,-0.319515,0.38300234,-0.83923014,0.01630034,-0.04755404
274.375,-0.314041,0.38630205,-0.85125451,0.01535539,-0.04814996
274.4,-0.314398,0.39054454,-0.85596995,0.01771776,-0.05017607
274.425,-0.302974,0.39101592,-0.84830736,0.01700905,-0.06578905
274.45,-0.306425,0.39867597,-0.83133178,0.02350556,-0.07270167
274.475,-0.307734,0.39997229,-0.82791309,0.02976584,-0.07889919
274.5,-0.309519,0.39914736,-0.84724639,0.02291497,-0.07687308
274.525,-0.315469,0.40162214,-0.85538052,0.0250411,-0.07925674
274.55,-0.295358,0.39855812,-0.86834798,0.02598605,-0.09665746
274.575,-0.270844,0.3974975,-0.88355526,0.01878082,-0.10249743
274.6,-0.244069,0.40115076,-0.88473412,0.02468674,-0.10368926
274.625,-0.220507,0.40692525,-0.89204305,0.02846653,-0.11250881
274.65,-0.222054,0.40822157,-0.89640483,0.02433239,-0.11405819
274.675,-0.225029,0.40421477,-0.91231944,0.02315121,-0.11596512
274.7,-0.228837,0.40515755,-0.93377468,0.02161567,-0.12228182
274.725,-0.227171,0.41411391,-0.94591694,0.01889894,-0.13431931
274.75,-0.207655,0.42071334,-0.9579413,0.02244249,-0.14897883
274.775,-0.193375,0.41870994,-0.97079087,0.02846653,-0.15231595
274.8,-0.182427,0.41965271,-0.99259978,0.02563169,-0.15231595
274.825,-0.172788,0.41788501,-1.00073391,0.02551357,-0.15160086
274.85,-0.177905,0.41482099,-1.01098999,0.0263404,-0.16316161
274.875,-0.183498,0.41988841,-1.03503872,0.02102507,-0.17388809
274.9,-0.190162,0.4203598,-1.03869319,0.0218519,-0.16804812
274.925,-0.189448,0.42342381,-1.03657124,0.02350556,-0.17341136
274.95,-0.176001,0.42436659,-1.04116879,0.02173378,-0.18771332
274.975,-0.166243,0.42259889,-1.05295739,0.02197002,-0.19450676
275,-0.150654,0.42519152,-1.06215249,0.02220626,-0.20237284
275.025,-0.142562,0.41859209,-1.04883138,0.02173378,-0.20988137
275.05,-0.148393,0.41918133,-1.03067694,0.02173378,-0.20952382
275.075,-0.156009,0.41941702,-1.04340863,0.02267873,-0.21143075
275.1,-0.166362,0.40940004,-1.1007012,0.02338744,-0.218105
275.125,-0.170289,0.40798587,-1.13995723,0.0192533,-0.22823556
275.15,-0.171122,0.40621817,-1.10694916,0.01547351,-0.22358742
275.175,-0.170408,0.40539324,-1.05413625,0.01972577,-0.21417196
275.2,-0.165172,0.40409693,-1.04010782,0.02267873,-0.2279972
275.225,-0.162197,0.39761535,-1.0520143,0.02031636,-0.24194162
275.25,-0.166243,0.39514056,-1.05001024,0.02126131,-0.24825832
275.275,-0.176001,0.38771621,-1.03668913,0.01901706,-0.25088035
275.3,-0.189091,0.38370942,-1.0226607,0.01748152,-0.24301426
275.325,-0.198492,0.38335588,-1.01546965,0.01913518,-0.24289508
275.35,-0.192185,0.37746353,-1.01735583,0.01252055,-0.25493257
275.375,-0.179571,0.37805277,-1.00427049,0.01240243,-0.26053417
275.4,-0.168623,0.37216042,-0.99059572,0.01677281,-0.26685088
275.425,-0.156009,0.36343976,-0.98764857,0.01594598,-0.2765047
275.45,-0.142562,0.36544315,-0.9764494,0.01500104,-0.27960346
275.475,-0.124474,0.36273267,-0.96041691,0.01311114,-0.28103366
275.5,-0.100317,0.35719387,-0.94603482,0.01240243,-0.28341732
275.525,-0.081277,0.3560154,-0.94320556,0.01252055,-0.28401324
275.55,-0.076517,0.35483693,-0.93872589,0.01523727,-0.28830383
275.575,-0.074018,0.34882674,-0.92033568,0.01618222,-0.29390543
275.6,-0.062713,0.34458426,-0.90418531,0.01393797,-0.29092585
275.625,-0.043792,0.34646981,-0.89180728,0.0115756,-0.28794628
275.65,-0.019635,0.34152024,-0.8890959,0.01169372,-0.2927136
275.675,0.003927,0.33374234,-0.88803493,0.01523727,-0.29545481
275.7,0.022372,0.33103187,-0.87636422,0.01464668,-0.29223687
275.725,0.042126,0.32820354,-0.85620572,0.01547351,-0.2941438
275.75,0.069139,0.32549306,-0.84264884,0.01559163,-0.30165233
275.775,0.093772,0.32419675,-0.83911226,0.0134655,-0.31368982
275.8,0.120547,0.32160412,-0.82779521,0.01972577,-0.32024489
275.825,0.141967,0.3203078,-0.81824644,0.01960765,-0.31166371
275.85,0.145656,0.31783302,-0.79832372,0.01511915,-0.30332089
275.875,0.154938,0.31170498,-0.77521807,0.01630034,-0.30391681
275.9,0.168742,0.30864096,-0.75682786,0.00956759,-0.31190207
275.925,0.171717,0.30545909,-0.73101083,0.01204808,-0.31941061
275.95,0.169813,0.30121661,-0.73018563,0.017954,-0.32513139
275.975,0.168623,0.29544211,-0.73702302,0.01523727,-0.322271
276,0.163506,0.2921424,-0.73749456,0.01937142,-0.3130939
276.025,0.157913,0.29072824,-0.74515715,0.01452856,-0.30987596
276.05,0.157437,0.28165403,-0.74209211,0.01299302,-0.31952979
276.075,0.156247,0.27529029,-0.73666936,0.01807211,-0.3285877
276.1,0.144466,0.27446537,-0.73596204,0.01618222,-0.32584649
276.125,0.126854,0.26869087,-0.73242546,0.02267873,-0.32405875
276.15,0.122689,0.25973451,-0.73006775,0.02232438,-0.31964897
276.175,0.120904,0.25631695,-0.73018563,0.017954,-0.31976816
276.2,0.120547,0.2526637,-0.72841734,0.01712717,-0.32048325
276.225,0.131614,0.24382518,-0.71816126,0.0160641,-0.31464328
276.25,0.138992,0.23816853,-0.70519381,0.02102507,-0.31357064
276.275,0.145061,0.23039064,-0.70436861,0.02315121,-0.31655021
276.3,0.145656,0.22202351,-0.71191331,0.02303309,-0.31345145
276.325,0.14399,0.2187238,-0.7161572,0.01960765,-0.30987596
276.35,0.150892,0.21459916,-0.70542958,0.01866271,-0.30761148
276.375,0.152677,0.2109459,-0.69458407,0.02362368,-0.29581236
276.4,0.150416,0.2071748,-0.70507592,0.01984389,-0.28973402
276.425,0.156009,0.20328586,-0.72193361,0.01854459,-0.29032994
276.45,0.166124,0.19597935,-0.73089295,0.02102507,-0.30057968
276.475,0.166838,0.18572667,-0.73242546,0.02078884,-0.30081805
276.5,0.163387,0.18313404,-0.73478318,0.01748152,-0.28484752
276.525,0.171717,0.18266265,-0.74020594,0.01228431,-0.28925729
276.55,0.185402,0.17912725,-0.74574658,0.01381985,-0.28901893
276.575,0.203133,0.1732349,-0.74751487,0.01393797,-0.28139121
276.6,0.229432,0.16958165,-0.74256366,0.01559163,-0.28389405
276.625,0.251685,0.16899242,-0.72900677,0.01547351,-0.28186794
276.65,0.265489,0.16510347,-0.71898647,0.01228431,-0.28830383
276.675,0.270011,0.16274653,-0.72216939,0.01535539,-0.29164095
276.7,0.266679,0.15767912,-0.71875069,0.01110313,-0.28246386
276.725,0.267393,0.14919414,-0.71379948,0.01393797,-0.28770791
276.75,0.26775,0.14212333,-0.71780761,0.01819023,-0.29330952
276.775,0.27013,0.13281343,-0.71992955,0.01086689,-0.29009157
276.8,0.269654,0.12809955,-0.71273851,0.01700905,-0.28472834
276.825,0.26061,0.12904233,-0.70083203,0.01712717,-0.28365569
276.85,0.255493,0.12350352,-0.69305155,0.01405609,-0.28842301
276.875,0.246687,0.11513639,-0.6876288,0.01878082,-0.29366707
276.9,0.236691,0.11454716,-0.68998652,0.01594598,-0.29724256
276.925,0.227409,0.11277946,-0.68916132,0.01960765,-0.29223687
276.95,0.21658,0.10370525,-0.68114507,0.01878082,-0.29736174
276.975,0.211463,0.09156702,-0.6741898,0.01441044,-0.30522782
277,0.204085,0.08048941,-0.66181178,0.01996201,-0.30689639
277.025,0.201824,0.07459707,-0.65662479,0.01972577,-0.3096376
277.05,0.20111,0.06646564,-0.63611264,0.01830835,-0.30582374
277.075,0.185283,0.05385602,-0.60239725,0.02126131,-0.29783847
277.1,0.176834,0.04584243,-0.58223875,0.01984389,-0.29855357
277.125,0.177548,0.03924301,-0.55536075,0.01807211,-0.31643103
277.15,0.167195,0.0359433,-0.53838518,0.02137943,-0.32405875
277.175,0.15708,0.03205435,-0.51669416,0.01854459,-0.30880331
277.2,0.150535,0.02427646,-0.47732025,0.01783588,-0.29914949
277.225,0.143514,0.01614502,-0.46069833,0.02149755,-0.30165233
277.25,0.139349,0.00259263,-0.45727964,0.01807211,-0.30344008
277.275,0.138754,-0.00235694,-0.46069833,0.02137943,-0.30546619
277.3,0.135779,-0.00400679,-0.4684788,0.0237418,-0.29473971
277.325,0.125188,-0.0168521,-0.47130806,0.02173378,-0.29140259
277.35,0.114002,-0.02392292,-0.4743731,0.02338744,-0.30558537
277.375,0.110313,-0.0284011,-0.46895035,0.02197002,-0.30260579
277.4,0.111503,-0.03629684,-0.45857638,0.02161567,-0.30153315
277.425,0.113764,-0.04501751,-0.45374306,0.02279685,-0.30498946
277.45,0.115787,-0.05880559,-0.4625845,0.02610417,-0.29771929
277.475,0.119,-0.06575856,-0.48368609,0.02882089,-0.30403599
277.5,0.119238,-0.06740841,-0.49406006,0.02657664,-0.31500083
277.525,0.109361,-0.07059028,-0.49193811,0.02657664,-0.31392819
277.55,0.106148,-0.07495061,-0.49795029,0.02622228,-0.31809959
277.575,0.106386,-0.08131434,-0.50643808,0.02657664,-0.322271
277.6,0.105315,-0.08567468,-0.50573077,0.02787594,-0.3229861
277.625,0.110551,-0.10052338,-0.50349093,0.0237418,-0.32274773
277.65,0.10829,-0.11513639,-0.5029015,0.01948954,-0.31917224
277.675,0.105672,-0.11985027,-0.5171657,0.01913518,-0.31035269
277.7,0.105553,-0.12751032,-0.53414128,0.02161567,-0.30844577
277.725,0.10591,-0.13069218,-0.52624292,0.02137943,-0.32036407
277.75,0.105315,-0.13517036,-0.5104462,0.02161567,-0.32012571
277.775,0.091987,-0.1450695,-0.50408036,0.02385992,-0.32834934
277.8,0.081634,-0.15155108,-0.51303969,0.02551357,-0.33967173
277.825,0.082705,-0.1601539,-0.52966161,0.02799406,-0.3314481
277.85,0.082586,-0.16958165,-0.54345427,0.02740347,-0.32620404
277.875,0.080087,-0.17229213,-0.54887703,0.0263404,-0.32918362
277.9,0.079492,-0.17288136,-0.54769817,0.02279685,-0.33573869
277.925,0.075565,-0.17759524,-0.56054774,0.02362368,-0.33371257
277.95,0.067116,-0.18301619,-0.57799486,0.03059266,-0.32513139
277.975,0.061166,-0.19456519,-0.58636476,0.02728535,-0.32691914
278,0.051051,-0.20564279,-0.59532409,0.02279685,-0.33609624
278.025,0.028084,-0.20682126,-0.61347853,0.02279685,-0.33550032
278.05,0.010829,-0.21530624,-0.63693784,0.02456863,-0.32775342
278.075,0.001547,-0.2242626,-0.65579959,0.02964772,-0.33204401
278.1,-0.013447,-0.22933001,-0.67749061,0.02834841,-0.33955254
278.125,-0.02142,-0.23651867,-0.69576293,0.0282303,-0.33645378
278.15,-0.035581,-0.23710791,-0.70130357,0.03035643,-0.33621542
278.175,-0.057953,-0.23875776,-0.71438891,0.02657664,-0.33430849
278.2,-0.066164,-0.24241102,-0.74008805,0.03106514,-0.33693052
278.225,-0.073423,-0.24724274,-0.75989289,0.03744353,-0.34277049
278.25,-0.082348,-0.25219231,-0.76213273,0.03543552,-0.32977953
278.275,-0.089488,-0.25219231,-0.76177907,0.03779789,-0.32954117
278.3,-0.111027,-0.25384216,-0.76979531,0.03767977,-0.34610761
278.325,-0.139706,-0.26103082,-0.77215303,0.03626235,-0.35671491
278.35,-0.156366,-0.27187274,-0.77344978,0.04252262,-0.36005203
278.375,-0.173859,-0.27446537,-0.77710424,0.04594806,-0.36040958
278.4,-0.193256,-0.27069427,-0.77781156,0.04949161,-0.36386589
278.425,-0.203014,-0.27729369,-0.7833522,0.05244457,-0.36779893
278.45,-0.219198,-0.28342173,-0.7908969,0.04996408,-0.37602256
278.475,-0.245616,-0.28518943,-0.79219365,0.05256269,-0.38186253
278.5,-0.268702,-0.29320302,-0.77840099,0.05421634,-0.3813858
278.525,-0.286909,-0.29803474,-0.76425467,0.05315328,-0.38519966
278.55,-0.302498,-0.30451632,-0.76366524,0.0590592,-0.39854816
278.575,-0.314279,-0.31665455,-0.75388071,0.06201216,-0.40236202
278.6,-0.327964,-0.32101488,-0.74244577,0.0603585,-0.39723715
278.625,-0.345457,-0.32867493,-0.74763275,0.06390205,-0.4087979
278.65,-0.363545,-0.3411667,-0.75305551,0.06591006,-0.42035866
278.675,-0.382228,-0.34505564,-0.75340917,0.06626442,-0.42417252
278.7,-0.407218,-0.35071229,-0.75777095,0.07098915,-0.42989331
278.725,-0.43554,-0.36214344,-0.76342947,0.06968985,-0.43382635
278.75,-0.453033,-0.3675644,-0.7640189,0.07217034,-0.44550629
278.775,-0.46767,-0.37168904,-0.76779125,0.07937556,-0.45873561
278.8,-0.489447,-0.38040971,-0.77616116,0.07913932,-0.45754378
278.825,-0.507892,-0.38406296,-0.78158391,0.08327347,-0.45337237
278.85,-0.52241,-0.38477004,-0.79891315,0.09059681,-0.46433721
278.875,-0.537999,-0.38854114,-0.82154725,0.093786,-0.47554042
278.9,-0.546091,-0.39337286,-0.8186001,0.09189611,-0.47208411
278.925,-0.546567,-0.39737966,-0.80964077,0.09165987,-0.48126121
278.95,-0.557634,-0.40032583,-0.8110554,0.09780203,-0.50223742
278.975,-0.574413,-0.40586463,-0.80445379,0.10193617,-0.51701612
279,-0.59619,-0.41010712,-0.8026855,0.10099123,-0.52094916
279.025,-0.627011,-0.40892865,-0.80575053,0.10335359,-0.51808877
279.05,-0.645575,-0.40975358,-0.79702697,0.10500725,-0.52941116
279.075,-0.66283,-0.41246405,-0.78641723,0.10040063,-0.54061437
279.1,-0.678895,-0.41411391,-0.7707384,0.09945569,-0.54061437
279.125,-0.688534,-0.41517453,-0.74940104,0.09910133,-0.54562006
279.15,-0.709002,-0.41199267,-0.73961651,0.09792015,-0.55670408
279.175,-0.725067,-0.40657171,-0.73725879,0.09260482,-0.56600036
279.2,-0.742322,-0.40668956,-0.74103114,0.08575395,-0.57291298
279.225,-0.768383,-0.40562894,-0.74845796,0.08433653,-0.58077906
279.25,-0.791826,-0.40268276,-0.73348644,0.08102922,-0.59079044
279.275,-0.814793,-0.40103291,-0.71391737,0.08126546,-0.60068263
279.3,-0.833952,-0.39455133,-0.70236455,0.0796118,-0.61522297
279.325,-0.847518,-0.3919587,-0.68939709,0.07819438,-0.62845229
279.35,-0.863702,-0.39125162,-0.69187269,0.07972992,-0.62988248
279.375,-0.880362,-0.38347372,-0.69470196,0.07476894,-0.64037059
279.4,-0.892381,-0.37722784,-0.68362068,0.07595013,-0.6537191
279.425,-0.913682,-0.37439952,-0.67642963,0.07784002,-0.66539904
279.45,-0.937006,-0.36497177,-0.67890524,0.07346964,-0.68542179
279.475,-0.949144,-0.35813665,-0.67312883,0.07370588,-0.69507562
279.5,-0.969969,-0.35483693,-0.66251909,0.07524142,-0.69257277
279.525,-0.995435,-0.34187378,-0.66959225,0.07157975,-0.70496781
279.55,-1.013761,-0.33291742,-0.67819792,0.073824,-0.73345256
279.575,-1.033515,-0.32596445,-0.67218574,0.08008427,-0.74441741
279.6,-1.044701,-0.31948287,-0.66228332,0.07441459,-0.74966146
279.625,-1.053031,-0.31417976,-0.66428738,0.07075292,-0.75871937
279.65,-1.07457,-0.30604833,-0.66794184,0.07406023,-0.76432098
279.675,-1.099203,-0.3052234,-0.66251909,0.07630448,-0.78350945
279.7,-1.115744,-0.30109876,-0.66192966,0.07559577,-0.79912243
279.725,-1.122765,-0.29249594,-0.66263698,0.07311529,-0.80043345
279.75,-1.125859,-0.290139,-0.66711664,0.07406023,-0.81795336
279.775,-1.130381,-0.28778206,-0.67701906,0.07087104,-0.83916794
279.8,-1.139306,-0.28401096,-0.68432799,0.07122539,-0.84262425
279.825,-1.149659,-0.28731068,-0.69375887,0.07441459,-0.85418501
279.85,-1.162154,-0.28719283,-0.6994174,0.07087104,-0.87504204
279.875,-1.177267,-0.28353958,-0.70012471,0.07524142,-0.88791381
279.9,-1.188929,-0.28283249,-0.70495804,0.08291911,-0.89065502
279.925,-1.202495,-0.28094694,-0.70896616,0.08386406,-0.89959375
279.95,-1.216656,-0.28247895,-0.70837673,0.08764385,-0.93260746
279.975,-1.23403,-0.27599738,-0.70153934,0.09012433,-0.95477551
280,-1.25069,-0.27434752,-0.70012471,0.08575395,-0.95000819
280.025,-1.256402,-0.27387613,-0.70236455,0.0841003,-0.96204568
280.05,-1.256402,-0.26433054,-0.69222635,0.08504524,-0.98385618
280.075,-1.250571,-0.26763025,-0.68550685,0.08587207,-0.99815815
280.1,-1.247834,-0.26621609,-0.67713695,0.08776197,-1.01007645
280.125,-1.257592,-0.26032374,-0.66358006,0.08528148,-1.01281766
280.15,-1.275085,-0.25879173,-0.64896221,0.08599019,-1.01901518
280.175,-1.292221,-0.25502063,-0.63163297,0.09000622,-1.03212532
280.2,-1.307453,-0.25219231,-0.63446223,0.08587207,-1.0498836
280.225,-1.320067,-0.24901044,-0.64790123,0.08587207,-1.06382801
280.25,-1.321733,-0.24877475,-0.65285244,0.09142364,-1.0780108
280.275,-1.321733,-0.24582858,-0.65933617,0.09071493,-1.09708009
280.3,-1.333157,-0.24335379,-0.66086869,0.0898881,-1.1117396
280.325,-1.346842,-0.2466535,-0.65202724,0.09106928,-1.11769876
280.35,-1.352078,-0.25077815,-0.6532061,0.0898881,-1.11722203
280.375,-1.359337,-0.24830336,-0.66263698,0.08882503,-1.12961706
280.4,-1.370761,-0.24358949,-0.6682955,0.09071493,-1.15023573
280.425,-1.37564,-0.24653566,-0.66699876,0.09496719,-1.17740947
280.45,-1.383851,-0.24559288,-0.66723453,0.09898321,-1.19361837
280.475,-1.395394,-0.24453226,-0.68208816,0.09945569,-1.19135389
280.5,-1.397417,-0.24099685,-0.69753122,0.1014637,-1.19802814
280.525,-1.398607,-0.23262973,-0.69694179,0.10477102,-1.2215072
280.55,-1.406223,-0.23074418,-0.68185239,0.10524349,-1.24701238
280.575,-1.416457,-0.22685523,-0.67029956,0.10370795,-1.24868094
280.6,-1.423478,-0.22709092,-0.66841339,0.10571596,-1.2440328
280.625,-1.427167,-0.22567676,-0.66923859,0.11374801,-1.25487846
280.65,-1.433355,-0.2184881,-0.66817762,0.11705533,-1.28145629
280.675,-1.432284,-0.21919518,-0.65980771,0.11611038,-1.30839166
280.7,-1.428833,-0.21931303,-0.6540313,0.11705533,-1.30791492
280.725,-1.436211,-0.21389207,-0.66287275,0.12154383,-1.31077532
280.75,-1.443946,-0.2109459,-0.66711664,0.12674104,-1.33794906
280.775,-1.44228,-0.21577762,-0.64589717,0.12827658,-1.35058246
280.8,-1.441923,-0.21271361,-0.62833216,0.12957588,-1.35773344
280.825,-1.447397,-0.20092892,-0.63033622,0.13371002,-1.37477662
280.85,-1.44704,-0.19892552,-0.63941344,0.13973406,-1.38931696
280.875,-1.447873,-0.19774705,-0.644011,0.13713546,-1.41124664
280.9,-1.446207,-0.1940938,-0.63410857,0.1380804,-1.42662125
280.925,-1.438829,-0.19326887,-0.61901917,0.14245078,-1.43162694
280.95,-1.438829,-0.19091193,-0.61218179,0.13630863,-1.43913548
280.975,-1.4399,-0.18890854,-0.62243786,0.1380804,-1.45379499
281,-1.442756,-0.18608021,-0.63175086,0.13831664,-1.46619003
281.025,-1.44347,-0.1827805,-0.62338095,0.13394626,-1.46368719
281.05,-1.440138,-0.18537313,-0.61182813,0.1367811,-1.47012307
281.075,-1.440257,-0.18619806,-0.60487286,0.13406438,-1.48668952
281.1,-1.438948,-0.18725868,-0.6061696,0.13311943,-1.49872701
281.125,-1.437163,-0.1923261,-0.61241756,0.13737169,-1.51577019
281.15,-1.43157,-0.19362241,-0.61064927,0.13760793,-1.52685421
281.175,-1.426215,-0.19656858,-0.59968587,0.14091524,-1.52399382
281.2,-1.424311,-0.1998683,-0.59367369,0.14457691,-1.52899951
281.225,-1.422169,-0.19810059,-0.59084443,0.13985218,-1.54199046
281.25,-1.423002,-0.19491873,-0.57457617,0.14103336,-1.55724589
281.275,-1.422169,-0.19515442,-0.56679569,0.14658493,-1.57023684
281.3,-1.419789,-0.19668643,-0.57492982,0.14540374,-1.57202459
281.325,-1.421336,-0.1978649,-0.57540137,0.14516751,-1.57810293
281.35,-1.418004,-0.20104677,-0.56879975,0.14067901,-1.5888294
281.375,-1.414196,-0.20140031,-0.56125505,0.13441873,-1.58787594
281.4,-1.419789,-0.20246093,-0.55807213,0.13512744,-1.59669548
281.425,-1.417052,-0.20033968,-0.55099897,0.13571803,-1.61290438
281.45,-1.41015,-0.19668643,-0.54852337,0.13300131,-1.61290438
281.475,-1.411816,-0.19715782,-0.55771847,0.1322926,-1.61111664
281.5,-1.413958,-0.1958615,-0.55524287,0.13654486,-1.61326193
281.525,-1.41729,-0.19821844,-0.55029166,0.13406438,-1.62839818
281.55,-1.414077,-0.19892552,-0.54345427,0.13004835,-1.63340387
281.575,-1.412411,-0.19444734,-0.5306047,0.13701734,-1.62279658
281.6,-1.416814,-0.188555,-0.53178356,0.13512744,-1.63161612
281.625,-1.412768,-0.18219127,-0.52435675,0.12957588,-1.64317688
281.65,-1.416576,-0.18171988,-0.51138929,0.12981212,-1.63399978
281.675,-1.418837,-0.18124849,-0.51563319,0.12000829,-1.61028235
281.7,-1.410507,-0.18065926,-0.52306,0.11847275,-1.61087827
281.725,-1.408365,-0.1734706,-0.52860064,0.12603233,-1.62875573
281.75,-1.402415,-0.16899242,-0.51810879,0.12721351,-1.62982838
281.775,-1.401939,-0.17771308,-0.51751936,0.13040271,-1.62529942
281.8,-1.406461,-0.17335275,-0.52836487,0.13111142,-1.62291576
281.825,-1.400154,-0.16463208,-0.52647869,0.13122954,-1.62196229
281.85,-1.394442,-0.16074313,-0.5238852,0.13489121,-1.62422677
281.875,-1.392776,-0.15873974,-0.51563319,0.14174207,-1.61934027
281.9,-1.391467,-0.15532218,-0.51445433,0.14953789,-1.61469213
281.925,-1.392181,-0.1433018,-0.51339335,0.1541445,-1.6183868
281.95,-1.399321,-0.13682022,-0.51079986,0.15792429,-1.6183868
281.975,-1.401582,-0.1279817,-0.4970072,0.16276715,-1.61481131
282,-1.389444,-0.11985027,-0.47908854,0.16938178,-1.60611095
282.025,-1.385636,-0.10959759,-0.48345032,0.17103543,-1.60587258
282.05,-1.388135,-0.09616305,-0.48144626,0.17705947,-1.60694523
282.075,-1.383256,-0.10217324,-0.48792999,0.18745389,-1.5994367
282.1,-1.381352,-0.10311601,-0.49712509,0.19406852,-1.60205872
282.125,-1.37207,-0.09910922,-0.49323485,0.20280928,-1.59991343
282.15,-1.365168,-0.10016984,-0.5012511,0.20635283,-1.58918695
282.175,-1.368143,-0.09639874,-0.51209661,0.20989639,-1.58155924
282.2,-1.36612,-0.09474889,-0.52541772,0.21745596,-1.57452744
282.225,-1.368024,-0.09097779,-0.53909249,0.22619672,-1.57726865
282.25,-1.361241,-0.08921008,-0.5482876,0.2311577,-1.57738783
282.275,-1.352197,-0.09215625,-0.55677539,0.23422878,-1.56535034
282.3,-1.346366,-0.09958061,-0.56479163,0.24155212,-1.5614173
282.325,-1.330182,-0.10924405,-0.58577533,0.24167023,-1.55653079
282.35,-1.324946,-0.11395793,-0.59803547,0.2459225,-1.54854553
282.375,-1.3209,-0.11749333,-0.59897856,0.25395455,-1.54699615
282.4,-1.31852,-0.12515338,-0.61112081,0.25867928,-1.54854553
282.425,-1.319353,-0.13069218,-0.62090535,0.26541203,-1.53996435
282.45,-1.304478,-0.13540606,-0.63245817,0.26576639,-1.51767711
282.475,-1.297219,-0.14271256,-0.65190935,0.27049112,-1.5079041
282.5,-1.289008,-0.14106271,-0.66982802,0.27663328,-1.50587799
282.525,-1.275561,-0.14106271,-0.67772638,0.27285349,-1.50242168
282.55,-1.272348,-0.14813352,-0.68786457,0.2748615,-1.50075312
282.575,-1.263304,-0.15214031,-0.70366129,0.27663328,-1.48430586
282.6,-1.253189,-0.15320093,-0.71886858,0.27627892,-1.46881206
282.625,-1.239385,-0.15402586,-0.73926285,0.28206672,-1.46487902
282.65,-1.22808,-0.15555787,-0.74869373,0.28679146,-1.44914685
282.675,-1.220702,-0.15379017,-0.7505799,0.29080749,-1.43913548
282.7,-1.207969,-0.15131538,-0.75093356,0.29553222,-1.43234204
282.725,-1.198925,-0.15178677,-0.75883192,0.2986033,-1.41768253
282.75,-1.18048,-0.15107969,-0.77863676,0.29966637,-1.41231929
282.775,-1.165962,-0.14978338,-0.78901073,0.3056904,-1.41041236
282.8,-1.159179,-0.14848706,-0.79337251,0.31265939,-1.40230791
282.825,-1.151444,-0.14224118,-0.79808794,0.31750224,-1.38872104
282.85,-1.143352,-0.1375273,-0.80209607,0.31821095,-1.38836349
282.875,-1.125145,-0.13988424,-0.79903103,0.31242315,-1.38121251
282.9,-1.116339,-0.13740945,-0.79443348,0.31195068,-1.36595708
282.925,-1.105748,-0.13399189,-0.79950258,0.31395869,-1.36059384
282.95,-1.088136,-0.13941285,-0.80575053,0.31620294,-1.34939063
282.975,-1.077069,-0.13717376,-0.80480744,0.31951026,-1.34128618
283,-1.064574,-0.12527123,-0.79101479,0.3191559,-1.32924869
283.025,-1.050175,-0.1244463,-0.80504322,0.31750224,-1.3130398
283.05,-1.032801,-0.13222419,-0.85290491,0.31750224,-1.30171741
283.075,-1.019116,-0.12538907,-0.84960411,0.31927402,-1.289084
283.1,-1.001266,-0.11348654,-0.81470986,0.3210458,-1.28443586
283.125,-0.980203,-0.11525424,-0.81836433,0.31691165,-1.27871507
283.15,-0.960568,-0.10947974,-0.84818948,0.30722594,-1.25607029
283.175,-0.935816,-0.10134831,-0.87176667,0.30462734,-1.24033813
283.2,-0.919037,-0.10064123,-0.86775855,0.30769842,-1.23712019
283.225,-0.901901,-0.09168487,-0.86021384,0.30651723,-1.2391463
283.25,-0.884765,-0.08968147,-0.86870163,0.3043911,-1.23676264
283.275,-0.873579,-0.08520329,-0.88779916,0.30191062,-1.21924273
283.3,-0.84966,-0.06340162,-0.89310403,0.29222491,-1.20720524
283.325,-0.828954,-0.05409171,-0.87942926,0.28277544,-1.19147307
283.35,-0.816102,-0.05314894,-0.90194547,0.27840505,-1.16990094
283.375,-0.796348,-0.04159995,-0.92516901,0.27238102,-1.15500306
283.4,-0.778498,-0.02957957,-0.88178697,0.2677744,-1.13593377
283.425,-0.754579,-0.01296316,-0.83699031,0.26411273,-1.12389628
283.45,-0.726852,0.00848497,-0.88367315,0.25690751,-1.1202016
283.475,-0.706265,0.00730651,-0.9436771,0.24946605,-1.11543428
283.5,-0.684607,0.00601019,-0.88944956,0.24462319,-1.10458862
283.525,-0.665329,0.0281654,-0.81989685,0.23800856,-1.07860671
283.55,-0.647836,0.04136425,-0.81836433,0.2266692,-1.06013334
283.575,-0.62594,0.05444526,-0.8202505,0.22229882,-1.05536602
283.6,-0.601545,0.07636477,-0.80740093,0.22229882,-1.05226726
283.625,-0.574889,0.08791377,-0.77851887,0.21355806,-1.04094487
283.65,-0.553826,0.100052,-0.72818157,0.2048173,-1.0111491
283.675,-0.536095,0.11584348,-0.66841339,0.19725772,-0.99279491
283.7,-0.516698,0.1395307,-0.66381584,0.19678524,-0.98826595
283.725,-0.503013,0.18007002,-0.6892792,0.19808455,-0.98349863
283.75,-0.482664,0.21530624,-0.60687692,0.18166609,-0.96919666
283.775,-0.461125,0.23805068,-0.50773483,0.17009049,-0.94369149
283.8,-0.441371,0.27034073,-0.49276331,0.16607446,-0.92938952
283.825,-0.413644,0.30981943,-0.46965766,0.15839677,-0.92211935
283.85,-0.396508,0.34328794,-0.44336909,0.15308144,-0.90865167
283.875,-0.386155,0.37227827,-0.40151958,0.14504939,-0.8943497
283.9,-0.367948,0.40586463,-0.30945064,0.13819852,-0.88815218
283.925,-0.342363,0.45323907,-0.23329631,0.1335919,-0.86884452
283.95,-0.323799,0.49919935,-0.19368663,0.12815846,-0.84071732
283.975,-0.305354,0.54303839,-0.15560947,0.12508738,-0.82999085
284,-0.274295,0.60479015,-0.06554459,0.12296125,-0.82987166
284.025,-0.251685,0.668781,0.07450393,0.11740968,-0.82272068
284.05,-0.228361,0.72817583,0.13816234,0.12461491,-0.80055263
284.075,-0.206108,0.79405223,0.11010549,0.13477309,-0.77373644
284.1,-0.198135,0.86876715,0.22693047,0.11977205,-0.75693163
284.125,-0.18207,0.95892,0.46352759,0.11055882,-0.75550143
284.15,-0.164577,1.04706947,0.52164537,0.12237066,-0.74930391
284.175,-0.151249,1.13722232,0.49712509,0.129694,-0.72534812
284.2,-0.132328,1.24505221,0.61524682,0.1265048,-0.69912784
284.225,-0.123284,1.34640052,0.82779521,0.12083512,-0.68375323
284.25,-0.105315,1.45022362,0.96902258,0.1252055,-0.67564878
284.275,-0.074137,1.57997302,0.99531115,0.12981212,-0.66170436
284.3,-0.066283,1.72091788,1.09327439,0.12485114,-0.63929795
284.325,-0.050694,1.85985935,1.31124552,0.13241072,-0.61939437
284.35,-0.019516,1.99467617,1.49774111,0.14646681,-0.60783362
284.375,0,2.14363462,1.60395636,0.15379015,-0.60568832
284.4,0.018683,2.31415904,1.73598864,0.16902742,-0.58924106
284.425,0.034867,2.47985175,1.94405735,0.19229675,-0.55312859
284.45,0.050575,2.63269914,2.13397163,0.21568419,-0.53024544
284.475,0.065331,2.78825701,2.26635757,0.22808662,-0.52118753
284.5,0.07854,2.96455593,2.37705248,0.23765421,-0.51558593
284.525,0.095319,3.16112452,2.53773104,0.26706569,-0.50187988
284.55,0.111741,3.3632319,2.72387297,0.3088796,-0.47720898
284.575,0.129115,3.56156819,2.88914909,0.34703184,-0.45051198
284.6,0.141372,3.75177304,3.12551044,0.3769158,-0.42882066
284.625,0.157199,3.94233144,3.38804247,0.41294191,-0.41690235
284.65,0.175406,4.14432098,3.55131452,0.46231539,-0.40605669
284.675,0.188615,4.3658731,3.64137939,0.51216136,-0.39676041
284.7,0.206465,4.6089912,3.79239131,0.56247979,-0.37769112
284.725,0.21539,4.84822035,4.07413875,0.61634178,-0.34539251
284.75,0.221459,5.04290338,4.32110984,0.67953512,-0.31809959
284.775,0.236572,5.1985791,4.40209749,0.75406783,-0.29986458
284.8,0.247758,5.37039984,4.46045104,0.82576569,-0.2941438
284.825,0.262276,5.59489814,4.66474741,0.89061269,-0.28854219
284.85,0.278103,5.86123207,4.90311282,0.9651454,-0.26565905
284.875,0.286314,6.12626969,5.08501085,1.05645092,-0.24670894
284.9,0.292264,6.34287224,5.35166889,1.14976445,-0.22978494
284.925,0.303688,6.50491169,5.51340843,1.24638529,-0.20582915
284.95,0.32249,6.62252287,5.33893721,1.3472584,-0.19903571
284.975,0.328559,6.7249318,5.25111217,1.44600538,-0.19462594
285,0.333557,6.86210556,5.55761566,1.56506872,-0.1759142
285.025,0.348313,6.98985157,5.72359909,1.69936934,-0.1485021
285.05,0.356286,7.0545495,5.46236381,1.82091316,-0.12943281
285.075,0.369138,7.06845543,5.3264413,1.93584236,-0.13062464
285.1,0.37723,7.04182204,5.46766867,2.06494576,-0.11405819
285.125,0.380919,7.00187195,5.40660375,2.21578295,-0.07425105
285.15,0.3927,6.93304938,5.0820637,2.36614767,-0.05422829
285.175,0.393057,6.80836739,4.78169028,2.50493678,-0.06555068
285.2,0.401149,6.63218631,4.46870306,2.65695516,-0.06829189
285.225,0.410431,6.40650955,4.21218321,2.8126352,-0.03182188
285.25,0.410193,6.14524303,4.01637463,2.96359051,-0.00607834
285.275,0.418761,5.82010351,3.4087904,3.13238169,-0.0063167
285.3,0.419475,5.39396922,2.63251136,3.30885057,0.00881955
285.325,0.422569,4.90184068,2.27472747,3.4939421,0.02157213
285.35,0.428995,4.4073552,1.89973223,3.67466324,0.03408636
285.375,0.431851,3.88458647,1.05024601,3.81628719,0.05506257
285.4,0.44982,3.25658048,0.19969881,3.9396028,0.06674251
285.425,0.464814,2.54985279,-0.32194655,4.07614766,0.08450079
285.45,0.461244,1.83110471,-0.86033173,4.25391584,0.10213988
285.475,0.463624,1.11058893,-1.62706201,4.46995439,0.10869495
285.5,0.474453,0.35577971,-2.49564576,4.65469155,0.122401
285.525,0.472192,-0.44004022,-3.29349793,4.77068382,0.13920582
285.55,0.477547,-1.2399848,-3.87278953,4.85289422,0.14969393
285.575,0.492779,-2.02849822,-4.26865058,4.93853006,0.16423426
285.6,0.495873,-2.77682586,-4.90499899,5.01920492,0.18032397
285.625,0.499681,-3.42203749,-5.82604199,5.08310697,0.19295738
285.65,0.510272,-3.9419779,-6.3053663,5.14441042,0.20213447
285.675,0.517531,-4.3920351,-6.09564718,5.18209018,0.21166912
285.7,0.518245,-4.77763007,-5.72984705,5.16626232,0.23300289
285.725,0.522648,-4.99859296,-5.74682263,5.11110103,0.26017662
285.75,0.53074,-5.07778606,-6.03552534,5.03267042,0.27281003
285.775,0.5355,-5.13706303,-5.98672055,4.9439635,0.27209493
285.8,0.545972,-5.17736666,-5.63023341,4.8322235,0.28556262
285.825,0.554183,-5.14472308,-5.44609554,4.64370654,0.31368982
285.85,0.553945,-4.9856298,-5.40577855,4.38360984,0.32989872
285.875,0.556087,-4.70951458,-5.1509091,4.09457413,0.33669215
285.9,0.562513,-4.44329849,-4.80892193,3.77364645,0.34169784
285.925,0.573699,-4.29186526,-4.98091755,3.41326723,0.34503497
285.95,0.580839,-4.32297684,-5.63919275,3.01780685,0.36267406
285.975,0.582386,-4.58165072,-6.33766705,2.5788789,0.38972861
286,0.588931,-4.98504057,-6.52227647,2.06376458,0.40998973
286.025,0.590835,-5.21401704,-5.60370907,1.49443392,0.41511461
286.05,0.581315,-4.9252922,-4.20074827,0.94293914,0.40939382
286.075,0.584171,-4.32085559,-3.25801426,0.37868757,0.42035866
286.1,0.596071,-3.94975579,-2.95044979,-0.25017476,0.44943933
286.125,0.595476,-3.90792015,-2.99418548,-0.90407819,0.46743597
286.15,0.583695,-3.94138866,-2.71644616,-1.50364716,0.46195355
286.175,0.571438,-3.89389637,-2.45356047,-2.03293568,0.44348017
286.2,0.579411,-3.7157119,-2.9763847,-2.60580989,0.44967769
286.225,0.588931,-3.53552403,-3.71600121,-3.24849207,0.49699337
286.25,0.586551,-3.46599438,-3.95625279,-3.81971263,0.50617047
286.275,0.597975,-3.3164467,-3.30705481,-4.21080263,0.46779352
286.3,0.609399,-2.99154287,-2.08351644,-4.40522551,0.46731679
286.325,0.605472,-2.74111826,-1.61209049,-4.51590244,0.51212962
286.35,0.600236,-2.73499023,-1.95230937,-4.67122813,0.55384369
286.375,0.606424,-2.83351021,-2.03329702,-4.83812942,0.5255973
286.4,0.625583,-2.80522696,-1.77889912,-4.91502449,0.48066529
286.425,0.639744,-2.63705947,-1.47970456,-4.87663602,0.52929198
286.45,0.648907,-2.46217471,-0.84701062,-4.78261378,0.59043289
286.475,0.654143,-2.26289565,-0.25887757,-4.65788075,0.5727938
286.5,0.657594,-2.01659569,-0.75623843,-4.51259513,0.55265186
286.525,0.676515,-1.78856199,-1.98284183,-4.4295579,0.58423537
286.55,0.695555,-1.63323981,-2.2215609,-4.46593836,0.58220926
286.575,0.706979,-1.59163986,-0.90972595,-4.62492572,0.51832714
286.6,0.713286,-1.57019173,0.19180046,-4.82147473,0.59353165
286.625,0.72709,-1.3830509,-0.37145866,-4.86458794,0.77314052
286.65,0.761243,-1.03387062,-1.41250956,-4.63839122,0.67040472
286.675,0.799323,-0.72334411,-1.26409114,-4.19780961,0.45253809
286.7,0.835261,-0.56861116,-0.41943824,-3.74541616,0.55849183
286.725,0.859775,-0.516405,-0.33125955,-3.4522463,0.76730055
286.75,0.880719,-0.45701017,-0.84158786,-3.30306277,0.79888407
286.775,0.915348,-0.30322,-0.7917221,-3.18860605,0.72522893
286.8,0.952238,-0.06010191,-0.17399968,-3.02642949,0.5868574
286.825,0.993055,0.18360543,0.28056858,-2.88256129,0.59079044
286.85,1.041607,0.37663861,0.33137743,-2.81617875,0.89268114
286.875,1.096109,0.53584973,0.19333297,-2.76597843,0.96454852
286.9,1.164415,0.71615545,0.20370694,-2.70290321,0.60211283
286.925,1.217489,0.95220273,0.60911675,-2.57994196,0.67171574
286.95,1.255212,1.198267,1.08655489,-2.39827587,1.13509948
286.975,1.324113,1.38894324,1.15940841,-2.16593699,1.00650096
287,1.408722,1.55557872,1.2039693,-1.82091316,0.75264104
287.025,1.48631,1.79692912,1.70062285,-1.48817365,0.98516719
287.05,1.569967,2.06491291,2.213191,-1.31713821,1.12842523
287.075,1.65529,2.25146451,2.29771523,-1.24496787,1.06335128
287.1,1.751918,2.39523769,2.36314194,-1.1751599,1.09588826
287.125,1.866277,2.56434795,2.67518607,-1.06719969,1.24224506
287.15,1.976947,2.73004066,2.81087281,-0.93018235,1.3193565
287.175,2.08726,2.81477256,2.86604344,-0.77910893,1.27418612
287.2,2.203999,2.8526014,3.29691662,-0.59732472,1.37251214
287.225,2.332995,2.92566647,3.6119079,-0.38908199,1.57524253
287.25,2.47877,2.95913498,3.34371735,-0.18355598,1.61588396
287.275,2.616929,2.89372996,2.87606375,-0.03449057,1.58477718
287.3,2.7489,2.82832495,2.79318992,0.03118326,1.74674696
287.325,2.896579,2.79191026,2.97308389,0.09543966,1.99691221
287.35,3.060918,2.69574722,2.78458424,0.25005664,2.01800761
287.375,3.230136,2.51803413,2.29736157,0.49078193,2.02623124
287.4,3.391976,2.32594373,1.84680144,0.75666643,2.24266768
287.425,3.541797,2.15730485,1.59511491,0.99290322,2.36578379
287.45,3.695783,1.94730173,1.4080299,1.20138219,2.41429129
287.475,3.886421,1.62711177,1.08007116,1.40466394,2.69043845
287.5,4.110379,1.2342103,0.49795029,1.61562339,3.01700004
287.525,4.328744,0.87689858,-0.28693442,1.85375008,2.98386715
287.55,4.526165,0.5993692,-0.64224271,2.08242729,2.81903697
287.575,4.699786,0.33315311,-0.76001078,2.27141672,3.18790855
287.6,4.866505,0.00447818,-1.20538393,2.48804585,3.7940736
287.625,5.062141,-0.39867597,-1.6917814,2.76775021,3.82470365
287.65,5.272533,-0.80171228,-2.11852857,3.01473577,3.63687114
287.675,5.468645,-1.1079963,-2.50767012,3.13013744,3.85831327
287.7,5.651429,-1.31658526,-2.60810896,3.19604751,4.250068
287.725,5.825526,-1.49736237,-2.39108091,3.36330315,4.54182814
287.75,6.002003,-1.70654057,-2.39603212,3.61170613,4.71678887
287.775,6.20585,-1.93198163,-2.86462881,3.79455341,4.78222037
287.8,6.417313,-2.10769132,-3.30398978,3.82750844,4.8875782
287.825,6.551188,-2.17592466,-3.3550344,3.77423705,5.21294796
287.85,6.610807,-2.15318021,-3.01953096,3.73301373,5.59945863
287.875,6.674472,-2.13550318,-2.81417362,3.71931199,5.71447028
287.9,6.745872,-2.15954394,-2.99842937,3.71068935,5.77739894
287.925,6.804301,-2.1913626,-3.13293725,3.64454305,6.13435221
287.95,6.845594,-2.22471327,-3.03214476,3.44693098,6.36223023
287.975,6.865943,-2.24863618,-2.8319744,3.13911444,6.20109473
288,6.84845,-2.27962991,-2.78800294,2.80932788,6.16998795
288.025,6.773123,-2.3158089,-2.79047854,2.49076258,6.61930809
288.05,6.634964,-2.32629727,-2.75358024,2.15896801,7.43320922
288.075,6.438971,-2.35410913,-2.79189317,1.79965185,7.63856164
288.1,6.22965,-2.39818386,-2.62614551,1.41269599,6.7501711
288.125,6.015807,-2.41550735,-2.4146581,1.01487324,6.51311598
288.15,5.724257,-2.44555831,-2.47949538,0.58019755,7.3433452
288.175,5.342981,-2.54266413,-2.80497851,0.07217034,7.48624569
288.2,4.931479,-2.68349114,-2.96954731,-0.43951854,7.16433224
288.225,4.497843,-2.78342529,-2.75405178,-0.89226635,7.01678361
288.25,4.020653,-2.81618672,-2.71432421,-1.30012916,6.65077242
288.275,3.498481,-2.83044619,-2.8814865,-1.66015403,6.50584582
288.3,2.945607,-2.87687786,-3.14118927,-1.97198659,6.48081737
288.325,2.371908,-2.9735123,-3.31118082,-2.26409338,6.31658311
288.35,1.758939,-3.07108951,-3.15922582,-2.53741934,6.08894347
288.375,1.127644,-3.14073701,-3.1081812,-2.76999446,5.37670549
288.4,0.5355,-3.21415561,-3.28972558,-2.94658146,4.54897912
288.425,-0.038199,-3.29653057,-3.57595269,-3.06529044,4.21085677
288.45,-0.642719,-3.36511745,-3.7202451,-3.13982315,4.09501083
288.475,-1.263304,-3.42616213,-3.78378563,-3.19120465,3.44450968
288.5,-1.849736,-3.50618016,-3.99279744,-3.2319555,2.18319533
288.525,-2.321571,-3.61742761,-4.17387027,-3.27187952,1.14868635
288.55,-2.631209,-3.74918041,-4.36484553,-3.31759133,0.81854927
288.575,-2.823037,-3.84793609,-4.51385338,-3.35692476,0.50140314
288.6,-2.965599,-3.89330714,-4.7445562,-3.37889478,-0.86276619
288.625,-3.112326,-3.91027709,-4.92539326,-3.36613799,-2.46458654
288.65,-3.264765,-3.89790317,-4.85666575,-3.30081852,-3.07253934
288.675,-3.383408,-3.90132073,-4.98539722,-3.2140015,-3.38730181
288.7,-3.442075,-3.95058072,-5.20136429,-3.15789526,-4.20763883
288.725,-3.454094,-4.00808999,-5.2944942,-3.12848378,-5.30543401
288.75,-3.434459,-4.04992563,-5.19476268,-3.09021343,-6.17487445
288.775,-3.382456,-4.0511041,-5.07829135,-3.03493402,-6.77698728
288.8,-3.39269,-4.0453296,-5.22116913,-2.98520617,-7.35728961
288.825,-3.554649,-4.08928649,-5.34789654,-2.97729224,-7.47837961
288.85,-3.81871,-4.15422011,-5.46483941,-2.98378875,-6.92227144
288.875,-4.072656,-4.22127499,-5.41379479,-2.97115008,-6.91094905
288.9,-4.131918,-4.29775761,-5.23107155,-2.97020514,-7.87216044
288.925,-3.809071,-4.37117621,-5.2172789,-2.9834344,-7.82043499
288.95,-3.177657,-4.4279784,-5.1626977,-2.98083579,-6.25866015
288.975,-2.586584,-4.43999878,-5.13287255,-2.95437727,-5.72412411
289,-2.302412,-4.40205209,-5.04280768,-2.94835323,-6.52038615
289.025,-2.316335,-4.36422324,-4.82295036,-3.01024727,-6.36139595
289.05,-2.473177,-4.35691674,-4.63551169,-3.1112385,-4.9621868
289.075,-2.611574,-4.36151276,-4.43097955,-3.19356702,-3.82947097
289.1,-2.696421,-4.34890315,-4.28350421,-3.24234992,-4.26317814
289.125,-2.769249,-4.29870038,-4.13119556,-3.2865262,-5.37622875
289.15,-2.725933,-4.22103929,-3.91947237,-3.3507826,-5.43129133
289.175,-2.479841,-4.12876519,-3.66000538,-3.42519719,-5.54594543
289.2,-2.150449,-4.03177721,-3.54683486,-3.49571387,-6.38892723
289.225,-1.843548,-3.96307249,-3.55885922,-3.54390618,-5.79253519
289.25,-1.588055,-3.92182608,-3.32509137,-3.54851279,-2.85395761
289.275,-1.445136,-3.8647882,-2.97001886,-3.52985009,-1.1722846
289.3,-1.366834,-3.77298548,-2.66386902,-3.51484905,-4.18094182
289.325,-1.177148,-3.66539129,-2.56401961,-3.51862884,-6.64731611
289.35,-0.881552,-3.56757838,-2.59125127,-3.53882709,-3.65367596
289.375,-0.673064,-3.47235811,-2.54633672,-3.54674102,-0.81771499
289.4,-0.709835,-3.35580755,-2.47973115,-3.53457482,-1.54497004
289.425,-0.845495,-3.22959355,-2.29347134,-3.50953372,-3.15632504
289.45,-0.686392,-3.09925491,-2.23405681,-3.48992607,-4.58473404
289.475,-0.200158,-2.95006077,-2.32070299,-3.46842852,-3.84567987
289.5,0.206108,-2.79709553,-2.25480474,-3.42519719,-1.01925355
289.525,0.29393,-2.65650421,-2.12560173,-3.36979966,-1.20863543
289.55,0.2737,-2.52604772,-2.01820762,-3.29739309,-3.57632615
289.575,0.371994,-2.37744281,-2.00653691,-3.20608757,-2.46387145
289.6,0.578459,-2.193366,-2.00323611,-3.09883607,-0.21917765
289.625,0.803726,-1.99184784,-1.9160005,-2.99111209,-0.95727836
289.65,0.970802,-1.78314103,-1.79387064,-2.89047522,-2.69234538
289.675,1.143947,-1.57195944,-1.62057828,-2.76444289,-2.37639108
289.7,1.389563,-1.35983507,-1.52002156,-2.61833044,-0.45718623
289.725,1.649697,-1.17198715,-1.47805416,-2.46501277,0.07186739
289.75,1.877106,-1.01466158,-1.41616403,-2.30886025,-0.54407068
289.775,2.07655,-0.84649409,-1.28896508,-2.16144849,-1.34629187
289.8,2.280873,-0.65511077,-1.10022966,-1.9932479,-1.96818909
289.825,2.492098,-0.46561299,-1.05920534,-1.80555777,-0.05565849
289.85,2.693446,-0.30923019,-1.07783133,-1.63334115,1.9631834
289.875,2.909788,-0.18148418,-1.02301435,-1.47187331,0.47899673
289.9,3.17492,-0.05692004,-0.86351465,-1.31997305,-0.73750479
289.925,3.43315,0.07907525,-0.61807608,-1.18012087,0.65562603
289.95,3.634022,0.22697308,-0.53355185,-1.04038681,1.70467534
289.975,3.817877,0.36237913,-0.52612504,-0.90915728,1.62982838
290,3.97817,0.4766906,-0.48168203,-0.79576362,1.51445917
290.025,4.107166,0.59441963,-0.40776753,-0.69961525,1.44592891
290.05,4.264246,0.74007836,-0.28634499,-0.62000345,1.43794365
290.075,4.461548,0.89115805,-0.23695078,-0.54865994,2.09643006
290.1,4.612559,0.98626048,-0.16669075,-0.4764896,2.97004191
290.125,4.640405,1.03740602,-0.07108523,-0.41388685,2.96980354
290.15,4.568767,1.109764,0.04078854,-0.37089176,2.56219747
290.175,4.461429,1.22513609,0.1880281,-0.33935415,2.43860464
290.2,4.368014,1.36843789,0.25109709,-0.31065138,2.65754392
290.225,4.305896,1.49205926,0.33691807,-0.26812875,3.4436754
290.25,4.214147,1.58727953,0.42710083,-0.21084133,4.08154315
290.275,4.021843,1.68108564,0.48769421,-0.15461698,3.64604824
290.3,3.753379,1.77477391,0.55123475,-0.10547973,3.31019037
290.325,3.463495,1.86586954,0.60782001,-0.04193203,3.85628716
290.35,3.182774,1.94683034,0.65014107,0.05102715,4.07236605
290.375,2.880157,2.02248803,0.56879975,0.14611245,3.39349933
290.4,2.528155,2.08506472,0.54534045,0.23092146,2.81593821
290.425,2.1658,2.12195079,0.59520621,0.30297368,3.2522674
290.45,1.776075,2.15259098,0.59838913,0.3724273,3.62149653
290.475,1.351364,2.18323117,0.56903553,0.45534641,2.70128411
290.5,0.942242,2.21151442,0.4273366,0.53956482,2.10524961
290.525,0.570129,2.2499325,0.35023918,0.61480624,2.72166441
290.55,0.244188,2.2876435,0.35566194,0.68095254,2.3825886
290.575,-0.022848,2.30390636,0.40753176,0.73800373,0.96776647
290.6,-0.223958,2.30944517,0.46046256,0.77627409,0.48233385
290.625,-0.3927,2.31239134,0.34917821,0.79529115,0.8141395
290.65,-0.60928,2.31981569,0.19934516,0.79824411,0.50474027
290.675,-0.901068,2.33631425,0.13910543,0.78678662,-0.89518398
290.7,-1.18286,2.34432784,0.2955401,0.78123506,-2.13409191
290.725,-1.335299,2.34420999,0.44336909,0.77721903,-2.15125427
290.75,-1.350531,2.32323325,0.3937391,0.77804586,-1.67714405
290.775,-1.362193,2.26749168,0.32666199,0.79210195,-2.15280365
290.8,-1.463105,2.22129571,0.23541826,0.79954341,-3.60171214
290.825,-1.609118,2.1969014,0.27868241,0.80651239,-4.40619781
290.85,-1.717051,2.16767538,0.41083257,0.80296884,-4.14363752
290.875,-1.724191,2.13821366,0.45409671,0.78808593,-3.8616504
290.9,-1.646841,2.10215252,0.42179596,0.78395178,-4.01885286
290.925,-1.602097,2.06526645,0.36615379,0.78336119,-4.26234385
290.95,-1.647674,2.03839736,0.47307635,0.78017199,-4.49951815
290.975,-1.739542,1.9952654,0.64495408,0.7603281,-4.81404225
291,-1.818082,1.93209948,0.75128722,0.72288457,-4.59319603
291.025,-1.865801,1.85785595,0.74680755,0.67859017,-4.12111193
291.05,-1.944341,1.78950476,0.75352705,0.63819368,-4.17081126
291.075,-2.066911,1.7428374,0.91149424,0.61220764,-4.33647572
291.1,-2.18365,1.69239894,0.97916078,0.58173309,-4.57102799
291.125,-2.280873,1.64266756,0.98717702,0.54169096,-4.63836642
291.15,-2.357985,1.63147211,1.05814437,0.50412931,-4.22384773
291.175,-2.433907,1.64773498,1.19111973,0.47141051,-4.05186657
291.2,-2.510543,1.65445225,1.31690405,0.4366837,-4.17974999
291.225,-2.574803,1.63960354,1.29580246,0.39983076,-4.32312722
291.25,-2.655366,1.63583244,1.31089187,0.37077364,-4.31800234
291.275,-2.750923,1.67849301,1.41734289,0.33959038,-4.27640746
291.3,-2.814826,1.74260171,1.51330206,0.29576846,-4.57508021
291.325,-2.858261,1.80223223,1.54477761,0.25442702,-4.44207191
291.35,-2.954413,1.85384916,1.53581828,0.22938592,-4.12135029
291.375,-3.113992,1.89309217,1.62034251,0.20954203,-4.43682786
291.4,-3.253103,1.91265475,1.72867971,0.18875319,-4.85373021
291.425,-3.320219,1.89214939,1.84173234,0.17694135,-5.24286291
291.45,-3.370318,1.84996021,1.90432979,0.17705947,-5.18756197
291.475,-3.445407,1.81389907,1.93167933,0.17741383,-4.92678943
291.5,-3.522162,1.77277051,2.04426042,0.16784624,-5.38600176
291.525,-3.57952,1.71797171,2.10202454,0.16217656,-5.77239325
291.55,-3.614268,1.66871172,2.12324401,0.17150791,-5.59933945
291.575,-3.656513,1.64078201,2.11923589,0.19879326,-5.62698992
291.6,-3.700305,1.61238091,2.08587416,0.23210264,-6.10932377
291.625,-3.712681,1.57620192,2.08964651,0.25253713,-6.48653816
291.65,-3.737076,1.54296911,2.03718726,0.26942806,-6.25282018
291.675,-3.814664,1.51397878,1.95773212,0.28856324,-6.00265493
291.7,-3.908674,1.51091476,1.88216722,0.31620294,-6.44375144
291.725,-3.936044,1.53507337,1.84326486,0.35778062,-6.87602841
291.75,-3.862145,1.56653848,1.82039498,0.41152448,-6.7543425
291.775,-3.771943,1.61473785,1.73846424,0.47188298,-6.35281477
291.8,-3.734101,1.67436837,1.64851725,0.52291013,-6.12434084
291.825,-3.736124,1.71797171,1.53499308,0.58043379,-6.26080544
291.85,-3.756473,1.72386406,1.46885905,0.64173723,-6.31253089
291.875,-3.704113,1.69452018,1.44775747,0.69347309,-6.28619143
291.9,-3.524899,1.67613607,1.3803267,0.76150929,-6.20598123
291.925,-3.329977,1.690042,1.27340413,0.84088485,-6.19585067
291.95,-3.200267,1.71702894,1.13465236,0.91671686,-6.3877354
291.975,-3.111255,1.73670937,1.09221341,0.98782413,-6.11850087
292,-3.015579,1.71903233,1.09940446,1.04322166,-5.77251244
292.025,-2.860879,1.67389698,1.08702643,1.0929495,-5.96749593
292.05,-2.660364,1.63760015,1.07064028,1.15141811,-6.06403421
292.075,-2.481745,1.61473785,0.97255916,1.21520204,-5.7375918
292.1,-2.339302,1.57785178,0.90194547,1.27355252,-5.33654079
292.125,-2.216613,1.50914705,0.86622603,1.32587897,-5.07016665
292.15,-2.092139,1.43702477,0.83074235,1.37702424,-4.97112553
292.175,-1.932203,1.39672114,0.81518141,1.4152946,-4.74098303
292.2,-1.738828,1.38811832,0.77734002,1.44387925,-4.17486349
292.225,-1.575203,1.37421238,0.76130752,1.47801546,-3.81552655
292.25,-1.468222,1.33862263,0.73607993,1.50116667,-3.77273983
292.275,-1.343867,1.30975014,0.72735637,1.50660012,-3.6765591
292.3,-1.167866,1.3058612,0.70295397,1.51049802,-3.5372341
292.325,-0.99008,1.30067594,0.61477528,1.5122698,-3.28837987
292.35,-0.852635,1.26331848,0.57021438,1.52160115,-2.95633586
292.375,-0.727685,1.21311571,0.57775909,1.54829591,-2.81486556
292.4,-0.568582,1.17528686,0.60734846,1.57569938,-2.89900881
292.425,-0.391034,1.15454581,0.54534045,1.59164536,-2.95442893
292.45,-0.223006,1.1323906,0.44690567,1.59412585,-2.72333297
292.475,-0.080444,1.07488133,0.40871062,1.59199971,-2.30261676
292.5,0.037128,0.99745593,0.35648714,1.5989687,-2.03302468
292.525,0.176596,0.92992967,0.38253994,1.60853629,-2.03338222
292.55,0.359023,0.87607365,0.45221054,1.61774952,-2.09786026
292.575,0.524671,0.84731902,0.48734056,1.63263244,-1.93303009
292.6,0.631057,0.83388447,0.45374306,1.63416798,-1.49324459
292.625,0.705551,0.81090433,0.34010099,1.61137113,-1.15321531
292.65,0.773857,0.76836161,0.28929214,1.57924293,-1.1349803
292.675,0.856086,0.70048181,0.31440185,1.5475872,-1.02700045
292.7,0.971873,0.62871307,0.40540981,1.52077432,-0.69042748
292.725,1.083376,0.58310633,0.45315363,1.48781929,-0.44145406
292.75,1.155252,0.53478911,0.40093015,1.43797333,-0.35945612
292.775,1.220583,0.44840735,0.41825938,1.37702424,-0.27257166
292.8,1.314593,0.33987038,0.5020763,1.31217724,0.05506257
292.825,1.421336,0.23710791,0.60039319,1.25701595,0.39115881
292.85,1.520582,0.16710687,0.6548565,1.21213096,0.33752643
292.875,1.601026,0.12256075,0.6624012,1.16299371,0.24551711
292.9,1.668618,0.07306506,0.6968239,1.10735994,0.53298665
292.925,1.763461,0.01532009,0.73890919,1.04333977,0.82510434
292.95,1.879486,-0.03912516,0.80303915,0.96620846,0.80615423
292.975,1.980874,-0.08060726,0.82626269,0.88612419,0.78708494
293,2.056082,-0.12091089,0.81541718,0.80261449,1.02104129
293.025,2.103206,-0.17806662,0.8379334,0.72465635,1.2743053
293.05,2.142,-0.24571073,0.86622603,0.65650203,1.24248342
293.075,2.189957,-0.29685627,0.91455927,0.58019755,1.11769876
293.1,2.237795,-0.32820354,0.93978687,0.51109829,1.25940742
293.125,2.253265,-0.35342277,0.99271766,0.45451958,1.53305173
293.15,2.221611,-0.38630205,1.0612094,0.40514609,1.576196
293.175,2.171988,-0.44345778,1.07358743,0.3634503,1.40349974
293.2,2.134384,-0.49825658,1.09657519,0.31076949,1.29289786
293.225,2.117843,-0.51510868,1.08867683,0.24745804,1.43091185
293.25,2.124864,-0.49542825,1.05932323,0.18379222,1.64877848
293.275,2.127958,-0.44227931,1.03751433,0.12756787,1.56642299
293.3,2.089164,-0.35342277,1.04718098,0.07665884,1.22663208
293.325,2.026213,-0.26138436,1.06828256,0.03732541,1.06084844
293.35,1.980636,-0.20045753,1.08455082,0.01771776,1.29790355
293.375,1.952671,-0.15202247,1.1687214,-0.01523727,1.53209826
293.4,1.923278,-0.09097779,1.17897748,-0.05634247,1.27156409
293.425,1.887935,-0.02474784,1.12050604,-0.08232852,0.80972972
293.45,1.851164,0.04101071,1.11826621,-0.09921945,0.6164148
293.475,1.822247,0.09545597,1.19960752,-0.10547973,0.68875892
293.5,1.768459,0.12432845,1.31100975,-0.11788216,0.73595541
293.525,1.67195,0.14459811,1.27646917,-0.14056089,0.54573924
293.55,1.587103,0.16781395,1.21021726,-0.15697935,0.32536976
293.575,1.550689,0.18619806,1.22507089,-0.16264903,0.21691317
293.6,1.549499,0.18631591,1.28931874,-0.16465704,0.14099356
293.625,1.530578,0.1752383,1.35521699,-0.17068108,0.12752588
293.65,1.47322,0.16168591,1.30157888,-0.17564205,0.11644185
293.675,1.394561,0.14907629,1.22589609,-0.18048491,0.06280947
293.7,1.305073,0.15567572,1.19890021,-0.18863508,0.03778103
293.725,1.249619,0.17382414,1.18758315,-0.1939504,0.00440977
293.75,1.243669,0.19114763,1.15056696,-0.19206051,-0.11632267
293.775,1.249619,0.19527227,1.06073786,-0.18958002,-0.27543206
293.8,1.244026,0.20328586,1.00733552,-0.18769013,-0.34706108
293.825,1.225581,0.23828638,0.96654698,-0.18213856,-0.30761148
293.85,1.216061,0.27387613,0.90536417,-0.16867307,-0.33943336
293.875,1.217727,0.30793388,0.80103509,-0.14552186,-0.48400242
293.9,1.244264,0.34175593,0.69576293,-0.12496926,-0.5551547
293.925,1.307334,0.35813665,0.66051503,-0.11185812,-0.59710714
293.95,1.363383,0.36391114,0.57575502,-0.10630655,-0.64168161
293.975,1.389206,0.38300234,0.47861699,-0.11174,-0.59186309
294,1.405152,0.4165887,0.45374306,-0.12260689,-0.51546674
294.025,1.455846,0.44416486,0.46965766,-0.13323755,-0.50497863
294.05,1.535695,0.45642094,0.46270239,-0.14138772,-0.5270275
294.075,1.589483,0.44251501,0.35023918,-0.13949782,-0.50509782
294.1,1.625183,0.40963573,0.2132557,-0.1291034,-0.47303757
294.125,1.666119,0.37628507,0.09242259,-0.12697727,-0.43954713
294.15,1.71955,0.35153722,0.01355689,-0.13217448,-0.39902489
294.175,1.786904,0.32902847,-0.02699588,-0.1335919,-0.39592613
294.2,1.840097,0.29473503,-0.11741442,-0.12485114,-0.32012571
294.225,1.88139,0.26126652,-0.20347117,-0.0988651,-0.11989816
294.25,1.925301,0.22308413,-0.28151167,-0.07453271,0.00178775
294.275,1.969331,0.17429552,-0.32088558,-0.07098915,0.04230999
294.3,2.016098,0.1242106,-0.3081539,-0.08138357,0.17150443
294.325,2.064293,0.06658348,-0.3181742,-0.09473095,0.34372395
294.35,2.124031,0.01555579,-0.33892213,-0.10158182,0.55408206
294.375,2.1896,-0.02627985,-0.37935702,-0.11126753,0.65598357
294.4,2.242436,-0.06941181,-0.40116592,-0.13441873,0.47935428
294.425,2.29313,-0.11018683,-0.4307553,-0.16158596,0.41547215
294.45,2.350964,-0.15190462,-0.49500314,-0.19654901,0.71033105
294.475,2.397136,-0.19279748,-0.56538106,-0.23540996,0.98028069
294.5,2.410583,-0.23486882,-0.65273456,-0.26564827,0.98254516
294.525,2.394399,-0.27387613,-0.66699876,-0.2806493,0.90543372
294.55,2.391424,-0.2996846,-0.63516955,-0.27604269,0.85442337
294.575,2.433669,-0.33173895,-0.65615325,-0.26730193,0.85358909
294.6,2.483887,-0.37157119,-0.73360432,-0.25867928,0.96323751
294.625,2.501856,-0.40197568,-0.78028716,-0.25230089,1.02294822
294.65,2.4871,-0.41918133,-0.72865311,-0.24663121,0.97873131
294.675,2.455446,-0.42248104,-0.69210847,-0.23918975,0.98588229
294.7,2.422007,-0.42271673,-0.67194997,-0.23777233,1.01782335
294.725,2.406894,-0.43567989,-0.63658418,-0.24391448,1.01353276
294.75,2.420579,-0.46030989,-0.63776304,-0.25997859,1.05727294
294.775,2.426767,-0.48435065,-0.6372915,-0.26446708,1.15381123
294.8,2.401063,-0.50650586,-0.61925494,-0.25690751,1.12711422
294.825,2.360603,-0.52677552,-0.54663719,-0.25419078,0.99553612
294.85,2.342396,-0.54021007,-0.47779179,-0.250411,1.00745442
294.875,2.360603,-0.55517662,-0.49865761,-0.25525385,1.22031537
294.9,2.379048,-0.58935221,-0.52753967,-0.26671133,1.42197312
294.925,2.378096,-0.63024508,-0.51221449,-0.27155419,1.41982782
294.95,2.368576,-0.65664278,-0.46234873,-0.27131795,1.42495269
294.975,2.354534,-0.67620536,-0.45114957,-0.27202666,1.63650263
295,2.337993,-0.70001042,-0.48392186,-0.2767514,1.7429331
295.025,2.3205,-0.73501095,-0.52529983,-0.28478345,1.57381234
295.05,2.284562,-0.7859208,-0.59449889,-0.29754023,1.42554861
295.075,2.248624,-0.83317739,-0.6456614,-0.31513988,1.5023025
295.1,2.241365,-0.85191504,-0.66299063,-0.32612489,1.5958612
295.125,2.219469,-0.87135978,-0.63021834,-0.32246322,1.47715487
295.15,2.155447,-0.91649513,-0.6061696,-0.32222698,1.25750049
295.175,2.054773,-0.96139479,-0.67088899,-0.32777854,1.12830605
295.2,1.931608,-1.00016641,-0.7279458,-0.33451129,1.20684769
295.225,1.8207,-1.03316353,-0.70719787,-0.3512841,1.40052016
295.25,1.73145,-1.05166549,-0.630572,-0.37667956,1.37751783
295.275,1.643628,-1.06498219,-0.61949072,-0.41282379,1.05917987
295.3,1.519273,-1.07570626,-0.68149873,-0.45416523,0.81223257
295.325,1.371951,-1.08006659,-0.66511258,-0.4944436,0.89244277
295.35,1.249381,-1.08230568,-0.59567775,-0.53968294,1.01472459
295.375,1.147517,-1.08466262,-0.53449494,-0.57818954,0.85311236
295.4,1.075284,-1.0871374,-0.53449494,-0.60476618,0.51403655
295.425,1.01507,-1.08277707,-0.58259241,-0.62827174,0.29760011
295.45,0.926534,-1.07653118,-0.61406796,-0.65295848,0.29187932
295.475,0.833595,-1.08018444,-0.63528743,-0.6781177,0.32000652
295.5,0.737086,-1.0873731,-0.62503136,-0.69512675,0.21345686
295.525,0.626059,-1.0853697,-0.65697845,-0.71367134,0.00154938
295.55,0.528717,-1.07004961,-0.71403526,-0.72973544,-0.11799123
295.575,0.452914,-1.05579013,-0.75116933,-0.73245216,-0.15422288
295.6,0.379253,-1.06521788,-0.81305946,-0.74284658,-0.29640828
295.625,0.302736,-1.09856855,-0.84205941,-0.75879256,-0.50283334
295.65,0.234311,-1.12378778,-0.83392528,-0.7769828,-0.67350348
295.675,0.17017,-1.12979797,-0.84983988,-0.79871658,-0.74477496
295.7,0.10472,-1.14205404,-0.92717307,-0.81761552,-0.70282252
295.725,0.055573,-1.16303079,-0.97067299,-0.84655453,-0.70401435
295.75,0.023324,-1.18282906,-0.92045357,-0.86876079,-0.83237451
295.775,-0.011305,-1.20333442,-0.88225852,-0.87880085,-0.98707412
295.8,-0.051765,-1.21747604,-0.90489262,-0.89793603,-1.02545107
295.825,-0.117334,-1.21971513,-0.9957827,-0.91943358,-0.9689583
295.85,-0.201229,-1.22548963,-1.06946142,-0.93986806,-0.99017288
295.875,-0.251566,-1.2399848,-1.06981508,-0.95888512,-1.07991773
295.9,-0.266679,-1.25047317,-1.06061998,-0.97530358,-1.14999737
295.925,-0.259182,-1.24139896,-1.04977447,-0.98557988,-1.28622361
295.95,-0.240618,-1.20357011,-1.07794921,-1.00081715,-1.46511738
295.975,-0.255255,-1.14523591,-1.13665642,-1.03022863,-1.51863058
296,-0.290479,-1.08843372,-1.16931083,-1.05066312,-1.49264867
296.025,-0.312137,-1.06038616,-1.21222132,-1.07511362,-1.52899951
296.05,-0.312256,-1.03787741,-1.29203011,-1.10428887,-1.63078184
296.075,-0.279769,-0.99238852,-1.38150556,-1.1256683,-1.72720094
296.1,-0.237643,-0.93523278,-1.40060308,-1.14385853,-1.7717754
296.125,-0.224672,-0.87359887,-1.39482667,-1.14267734,-1.82505023
296.15,-0.244783,-0.8367128,-1.41757866,-1.13429094,-1.87927853
296.175,-0.256683,-0.82044993,-1.41486728,-1.12637701,-1.82195147
296.2,-0.250971,-0.79063467,-1.40531852,-1.10735994,-1.70693982
296.225,-0.24633,-0.74927042,-1.3895218,-1.08302756,-1.65878986
296.25,-0.228718,-0.70437076,-1.39235106,-1.06637286,-1.67535631
296.275,-0.215985,-0.6707844,-1.37101371,-1.06590039,-1.7344711
296.3,-0.216937,-0.64603656,-1.28153826,-1.06637286,-1.8316053
296.325,-0.20111,-0.60608647,-1.23308713,-1.05361607,-1.87498793
296.35,-0.1666,-0.55399815,-1.23992452,-1.02692132,-1.79537365
296.375,-0.125307,-0.50638801,-1.23497331,-0.9940844,-1.6782167
296.4,-0.082824,-0.47209457,-1.17237586,-0.98085514,-1.58275107
296.425,-0.056406,-0.44345778,-1.09928657,-0.99325758,-1.49324459
296.45,-0.055573,-0.4181207,-1.07016874,-1.00483318,-1.42757472
296.475,-0.081991,-0.39596549,-1.04906715,-0.99892726,-1.38884022
296.5,-0.12495,-0.35872588,-1.00014448,-0.97601229,-1.41029318
296.525,-0.146965,-0.32148627,-0.89027476,-0.94955377,-1.46678595
296.55,-0.151487,-0.29119962,-0.81211637,-0.92285901,-1.40719442
296.575,-0.153748,-0.24241102,-0.78865707,-0.89273882,-1.24355607
296.6,-0.166243,-0.18937992,-0.72464499,-0.86923326,-1.12318118
296.625,-0.210749,-0.1357596,-0.63681995,-0.84053049,-1.04761912
296.65,-0.257278,-0.05491664,-0.55488921,-0.80308696,-0.97372562
296.675,-0.285481,0.05338463,-0.53154779,-0.77107688,-0.98326026
296.7,-0.290241,0.15308309,-0.47496253,-0.73823996,-1.05024114
296.725,-0.267393,0.21613116,-0.32937337,-0.7179236,-1.02974166
296.75,-0.250971,0.25572771,-0.22150772,-0.70563929,-0.93308419
296.775,-0.25347,0.29520642,-0.14558916,-0.67918077,-0.79685795
296.8,-0.252399,0.3487089,-0.0873535,-0.65343096,-0.65765214
296.825,-0.245497,0.41647085,-0.00683739,-0.62921669,-0.62571108
296.85,-0.251209,0.49118577,0.1091624,-0.61291635,-0.64048978
296.875,-0.270606,0.56531145,0.20747929,-0.6048843,-0.55992203
296.9,-0.301903,0.63802297,0.29848725,-0.59177315,-0.41106238
296.925,-0.340459,0.71580191,0.37534889,-0.58515852,-0.27984183
296.95,-0.362474,0.80088735,0.4483203,-0.57641776,-0.17674848
296.975,-0.373898,0.87748782,0.49193811,-0.56519652,-0.0746086
297,-0.393652,0.93959312,0.51610473,-0.55964495,0.00023837
297.025,-0.418523,1.00688368,0.55040954,-0.55114043,0.0647164
297.05,-0.441966,1.06993176,0.57316153,-0.53944671,0.18556803
297.075,-0.457317,1.12084161,0.63858824,-0.51818539,0.31976816
297.1,-0.463862,1.17080868,0.70766941,-0.49609726,0.35564226
297.125,-0.466361,1.21405848,0.7295962,-0.47058368,0.31559675
297.15,-0.465409,1.26214001,0.74692544,-0.42404503,0.38746414
297.175,-0.461482,1.30515412,0.78064082,-0.37337224,0.5347744
297.2,-0.468979,1.31788158,0.85337646,-0.32517994,0.51117615
297.225,-0.507773,1.32601301,0.8925146,-0.27592457,0.31607348
297.25,-0.565845,1.35358918,0.87294553,-0.22855909,0.13825235
297.275,-0.610827,1.38976817,0.88732762,-0.18142985,0.07985265
297.3,-0.647717,1.43195735,0.96937624,-0.13323755,0.07353595
297.325,-0.692461,1.4790961,1.06415655,-0.0796118,-0.00667425
297.35,-0.733159,1.51020768,1.11154671,-0.01570975,-0.1555339
297.375,-0.777546,1.52293514,1.16094093,0.05799613,-0.2638713
297.4,-0.821695,1.54379403,1.21941236,0.1309933,-0.29664664
297.425,-0.848232,1.57961948,1.25418872,0.20517165,-0.33967173
297.45,-0.870961,1.60695996,1.27293259,0.27639704,-0.41249258
297.475,-0.886907,1.62475484,1.28519273,0.34455136,-0.44848586
297.5,-0.902615,1.65586641,1.35085521,0.41306002,-0.44014305
297.525,-0.923083,1.71172583,1.43420058,0.47566277,-0.39175473
297.55,-0.941052,1.77524529,1.48819235,0.54110036,-0.39485349
297.575,-0.970326,1.81920218,1.52497277,0.60311252,-0.50903086
297.6,-0.99246,1.83664351,1.56139953,0.66099053,-0.55336696
297.625,-1.000195,1.8315761,1.65134652,0.71910478,-0.42095458
297.65,-1.016022,1.82497667,1.74294391,0.77934516,-0.28246386
297.675,-1.033158,1.82768715,1.82204539,0.84454652,-0.3349044
297.7,-1.051246,1.84395002,1.91376066,0.90218829,-0.4848367
297.725,-1.073618,1.87329389,1.96386219,0.95262485,-0.47017718
297.75,-1.102297,1.89214939,1.96775243,1.0049513,-0.28329814
297.775,-1.153229,1.89450633,1.95101263,1.06129377,-0.21000056
297.8,-1.228794,1.87576868,1.93250453,1.1148014,-0.38436538
297.825,-1.311023,1.84701404,1.89218753,1.15968639,-0.58340109
297.85,-1.368262,1.82250189,1.8563502,1.19665745,-0.56123304
297.875,-1.401106,1.80824242,1.86731359,1.22134419,-0.37959805
297.9,-1.436925,1.80623902,1.86731359,1.23173861,-0.34193621
297.925,-1.478099,1.80011098,1.81273239,1.24166056,-0.53239074
297.95,-1.514989,1.7996396,1.7312732,1.25866961,-0.71891223
297.975,-1.545453,1.79916821,1.69508221,1.27378876,-0.72832769
298,-1.571752,1.78997615,1.69567164,1.28099398,-0.68983156
298.025,-1.583295,1.77807362,1.6481636,1.27709608,-0.79471266
298.05,-1.585794,1.75933596,1.55255808,1.26693789,-0.97968477
298.075,-1.59698,1.74059831,1.45294445,1.25441734,-1.11793712
298.1,-1.609237,1.71549693,1.38775351,1.23941631,-1.15798263
298.125,-1.628872,1.67719669,1.35981454,1.21791876,-1.13450357
298.15,-1.648983,1.63854292,1.32975362,1.18295572,-1.18420291
298.175,-1.655409,1.60106761,1.28483907,1.14468536,-1.36595708
298.2,-1.656123,1.55239686,1.22011968,1.11456517,-1.54747288
298.225,-1.654338,1.4979516,1.18899778,1.088461,-1.5810825
298.25,-1.669689,1.4451562,1.21799773,1.05267113,-1.52017996
298.275,-1.697654,1.39801745,1.22141642,1.00270705,-1.55748426
298.3,-1.736091,1.35170363,1.16883929,0.96786212,-1.74031107
298.325,-1.790474,1.28335245,1.10176217,0.95569593,-1.89393804
298.35,-1.828911,1.19567437,1.03657124,0.94482903,-1.8618778
298.375,-1.861398,1.10328242,0.97279494,0.93467085,-1.70455616
298.4,-1.888649,1.02903889,0.92846981,0.90998411,-1.65306907
298.425,-1.902572,0.97706842,0.86103905,0.86509912,-1.76486279
298.45,-1.932441,0.9272192,0.76071809,0.82753747,-1.84185504
298.475,-1.967308,0.88667987,0.68727514,0.80981971,-1.74162209
298.5,-2.002056,0.85486122,0.63410857,0.8033232,-1.55331285
298.525,-2.040493,0.82268902,0.57434039,0.79800787,-1.4586815
298.55,-2.071433,0.78780635,0.48510072,0.79611798,-1.44580973
298.575,-2.107014,0.75893386,0.38312937,0.79493679,-1.37489581
298.6,-2.134265,0.74938826,0.29223929,0.79009394,-1.22830064
298.625,-2.149735,0.73607157,0.21184107,0.78383366,-1.09660336
298.65,-2.183174,0.70861325,0.11658921,0.77603785,-1.0554852
298.675,-2.200786,0.6727878,0.00070732,0.77013193,-1.05322072
298.7,-2.184602,0.61692838,-0.09206893,0.76174552,-0.93963926
298.725,-2.168299,0.55399815,-0.20005247,0.74284658,-0.74477496
298.75,-2.16461,0.50520954,-0.31888152,0.7160337,-0.70210742
298.775,-2.194836,0.4784583,-0.4055277,0.68780341,-0.78482046
298.8,-2.243031,0.46973764,-0.49182022,0.67020377,-0.7261824
298.825,-2.276946,0.46655577,-0.56750301,0.66323478,-0.52690832
298.85,-2.301222,0.45441754,-0.60782001,0.6562658,-0.35969448
298.875,-2.314074,0.42837338,-0.62408827,0.64787939,-0.32834934
298.9,-2.312527,0.40892865,-0.65532805,0.63039787,-0.39139718
298.925,-2.305863,0.40421477,-0.71391737,0.60712855,-0.34598843
298.95,-2.314312,0.39466918,-0.77734002,0.59555294,-0.18950107
298.975,-2.338826,0.36332191,-0.86257156,0.58740277,-0.08116367
299,-2.35501,0.31641885,-0.96289251,0.57358292,0.00226448
299.025,-2.357033,0.27340475,-1.06333135,0.55232161,0.09892194
299.05,-2.350964,0.24912829,-1.16424173,0.53448573,0.15779837
299.075,-2.338707,0.2318048,-1.23733103,0.52680804,0.19462594
299.1,-2.320024,0.20375724,-1.26774561,0.50767286,0.23800858
299.125,-2.290512,0.17099581,-1.28012363,0.48168681,0.28592017
299.15,-2.260762,0.13293127,-1.32727801,0.4501492,0.3426513
299.175,-2.233749,0.09345257,-1.40779413,0.40951647,0.41416114
299.2,-2.208402,0.05020277,-1.46661922,0.3769158,0.45921234
299.225,-2.19079,-0.01402378,-1.46107858,0.35163846,0.44634057
299.25,-2.170084,-0.08567468,-1.40637949,0.32541618,0.45372992
299.275,-2.146641,-0.15379017,-1.36205437,0.28844512,0.47983101
299.3,-2.112012,-0.21224222,-1.34578611,0.24474131,0.4390704
299.325,-2.06941,-0.24641781,-1.34154222,0.19784831,0.33871826
299.35,-2.045253,-0.27811862,-1.35297715,0.15178214,0.25314482
299.375,-2.021929,-0.31465115,-1.37054216,0.11977205,0.24313345
299.4,-1.981707,-0.34187378,-1.34201376,0.09154176,0.25624358
299.425,-1.941723,-0.36226129,-1.27069275,0.07004421,0.17960887
299.45,-1.909593,-0.36956779,-1.22141642,0.05315328,0.03599328
299.475,-1.877344,-0.35955081,-1.19017664,0.02941148,-0.03408636
299.5,-1.837122,-0.33574574,-1.13123366,0.00850452,0.01084566
299.525,-1.785238,-0.30993728,-1.06144518,-0.01570975,0.07091392
299.55,-1.726571,-0.29061039,-1.02124606,-0.03555364,0.04791159
299.575,-1.665524,-0.27847216,-0.99719733,-0.04913725,-0.00941546
299.6,-1.598289,-0.28177187,-0.94143727,-0.06697313,0.01751991
299.625,-1.531768,-0.29131747,-0.83805128,-0.08161981,0.13336585
299.65,-1.466913,-0.29838828,-0.71132388,-0.10382607,0.26649333
299.675,-1.384208,-0.31606531,-0.59072654,-0.12118947,0.34563088
299.7,-1.28996,-0.34163808,-0.48238935,-0.12213442,0.40200447
299.725,-1.200115,-0.36367545,-0.39079195,-0.12414243,0.51463246
299.75,-1.109199,-0.38394511,-0.34198717,-0.12697727,0.6438269
299.775,-1.026018,-0.40020798,-0.29683685,-0.13394626,0.72558648
299.8,-0.949263,-0.40598248,-0.20158499,-0.13784417,0.74000763
299.825,-0.864297,-0.39985444,-0.08287383,-0.12414243,0.75264104
299.85,-0.769692,-0.39148731,0.02110159,-0.09095116,0.82689209
299.875,-0.671041,-0.36320406,0.09525186,-0.04890102,0.90710229
299.9,-0.580006,-0.29426364,0.15313386,-0.01535539,0.95322613
299.925,-0.492422,-0.21542408,0.19427606,0.00295296,0.93928171
299.95,-0.411145,-0.13964854,0.21443456,0.00602404,0.92307282
299.975,-0.33915,-0.07447922,0.26724747,0.00484285,0.9823068
300,-0.264418,-0.02368722,0.35707657,0.00472474,1.05608111
300.025,-0.193137,0.03299712,0.41425126,0.01878082,1.11519591
300.05,-0.134946,0.09958061,0.41330817,0.04736548,1.11781794
300.075,-0.07854,0.18266265,0.3912635,0.06012226,1.0618019
300.1,-0.01547,0.26798379,0.40210901,0.06378393,1.00590505
300.125,0.043554,0.33562789,0.44207235,0.07039856,0.92760177
300.15,0.10948,0.38005616,0.48828364,0.08280099,0.86217027
300.175,0.176001,0.41199267,0.53331608,0.10666091,0.83273206
300.2,0.225267,0.44946797,0.55418189,0.12437867,0.79495103
300.225,0.272629,0.47280165,0.56950707,0.13737169,0.73094972
300.25,0.317849,0.47456936,0.60216148,0.14764799,0.6353649
300.275,0.371042,0.46408099,0.6372915,0.14788423,0.5580151
300.3,0.427686,0.45088214,0.64896221,0.14493127,0.55598899
300.325,0.475167,0.45135352,0.63540532,0.1541445,0.61832173
300.35,0.513485,0.46148835,0.61725088,0.18485529,0.68208467
300.375,0.527289,0.47315519,0.59756393,0.20800649,0.68148875
300.4,0.537047,0.4842328,0.59532409,0.21367617,0.64239671
300.425,0.554659,0.49978859,0.58542167,0.21131381,0.65574521
300.45,0.570486,0.51510868,0.51091775,0.2048173,0.70615964
300.475,0.580363,0.5219438,0.41743418,0.20517165,0.71724367
300.5,0.578578,0.53384633,0.36344241,0.21013262,0.76718137
300.525,0.578459,0.55364461,0.34752781,0.23210264,0.90352679
300.55,0.579292,0.56884686,0.34328391,0.26482144,1.05214807
300.575,0.563703,0.57438566,0.31970672,0.28501968,1.21530969
300.6,0.537761,0.56967178,0.26382878,0.3012019,1.3348503
300.625,0.514675,0.56660776,0.19922727,0.31431305,1.38300025
300.65,0.484925,0.57721398,0.18413787,0.3339207,1.47167245
300.675,0.441847,0.60266891,0.20700774,0.3660489,1.60348892
300.7,0.381395,0.64179407,0.22421909,0.39711404,1.68179219
300.725,0.3213,0.68021215,0.20476791,0.42546246,1.68405667
300.75,0.280721,0.71344497,0.16952001,0.4398729,1.7204075
300.775,0.234549,0.74502793,0.19510126,0.44613317,1.8541309
300.8,0.177072,0.77661089,0.25805236,0.45700007,2.01931862
300.825,0.112693,0.82092132,0.3215929,0.46786696,2.16841663
300.85,0.062475,0.8648782,0.36509282,0.47708019,2.29296293
300.875,0.045458,0.89174729,0.37487735,0.47743455,2.35875198
300.9,0.025942,0.90376767,0.3735806,0.47530842,2.37174294
300.925,-0.012852,0.90966001,0.35731234,0.47731643,2.44742418
300.95,-0.073066,0.92474441,0.32630834,0.48523036,2.60319645
300.975,-0.141015,0.95950924,0.27172714,0.50176694,2.75348629
301,-0.191114,1.00452674,0.20712563,0.5131063,2.84180094
301.025,-0.223601,1.04459468,0.17258504,0.51098017,2.86814039
301.05,-0.236453,1.07829889,0.16504034,0.50330248,2.91724381
301.075,-0.253708,1.11082462,0.14405664,0.49668785,2.95609749
301.1,-0.290955,1.14358605,0.09855266,0.49243558,2.92451398
301.125,-0.33082,1.17434409,0.06424785,0.48830144,2.85812902
301.15,-0.356762,1.20085963,0.0016504,0.48133246,2.77195966
301.175,-0.361284,1.20946246,-0.1158819,0.46786696,2.72714683
301.2,-0.371399,1.20722337,-0.21278416,0.44979484,2.72774275
301.225,-0.411145,1.20380581,-0.27762143,0.43550252,2.69961554
301.25,-0.468265,1.19237466,-0.30603195,0.42392692,2.62095472
301.275,-0.527884,1.18436107,-0.31876363,0.40833529,2.51988748
301.3,-0.577388,1.17351916,-0.36992614,0.38636527,2.46756612
301.325,-0.609161,1.16597696,-0.4206171,0.36841127,2.4564821
301.35,-0.641767,1.1701016,-0.451739,0.35955239,2.38139677
301.375,-0.69377,1.17457978,-0.47566985,0.36037922,2.2292
301.4,-0.751485,1.17787949,-0.51834456,0.38104994,2.1390976
301.425,-0.80206,1.17175146,-0.55701116,0.4071541,2.16364931
301.45,-0.849422,1.16126309,-0.56620626,0.42581681,2.14910898
301.475,-0.886788,1.15607782,-0.5851859,0.44152656,2.02694634
301.5,-0.921655,1.15949538,-0.6338728,0.4533384,1.90156576
301.525,-0.966756,1.17104438,-0.72605962,0.4681032,1.88452258
301.55,-1.008644,1.16668404,-0.78948227,0.48818332,1.94780879
301.575,-1.063027,1.1361617,-0.79714486,0.50306624,1.92504482
301.6,-1.11503,1.09974702,-0.81553507,0.50283,1.85210479
301.625,-1.127406,1.06969606,-0.83357162,0.48771085,1.87796751
301.65,-1.142043,1.04494822,-0.82131148,0.46562271,1.95269529
301.675,-1.1781,1.02243947,-0.79349039,0.44294398,1.97271805
301.7,-1.226176,0.9893245,-0.78865707,0.42428127,1.9125306
301.725,-1.284486,0.93334723,-0.79997412,0.40065759,1.86581084
301.75,-1.321376,0.86935638,-0.8320391,0.37774262,1.86593002
301.775,-1.332562,0.8120828,-0.87058781,0.36415901,1.79799568
301.8,-1.336251,0.75940525,-0.8681122,0.3473862,1.67142326
301.825,-1.347913,0.71756961,-0.87094147,0.33675554,1.60861379
301.85,-1.377425,0.67879799,-0.88037234,0.32895973,1.64448789
301.875,-1.420146,0.63743374,-0.8723561,0.31856531,1.68048118
301.9,-1.455013,0.60443661,-0.85101874,0.31714789,1.64496462
301.925,-1.459416,0.56684346,-0.81966107,0.31667541,1.58441963
301.95,-1.452871,0.5144016,-0.81034808,0.31525799,1.5515251
301.975,-1.45894,0.46773424,-0.80209607,0.31844719,1.52518565
302,-1.47322,0.42778415,-0.8186001,0.31702977,1.43150776
302.025,-1.493807,0.38182387,-0.8613927,0.31053326,1.31995241
302.05,-1.499519,0.34045962,-0.87094147,0.31702977,1.28074119
302.075,-1.491903,0.29049254,-0.8521976,0.3365193,1.24987277
302.1,-1.497496,0.23404389,-0.84300249,0.362151,1.15107001
302.125,-1.502851,0.19880767,-0.89734792,0.38364854,0.98850432
302.15,-1.504041,0.15708988,-0.98670548,0.39675969,0.82093293
302.175,-1.504517,0.10075908,-1.04647366,0.41790288,0.70496781
302.2,-1.489999,0.05774497,-1.03822164,0.44518823,0.62380415
302.225,-1.477028,0.02356937,-0.99012417,0.48121434,0.51808877
302.25,-1.47322,0.00766005,-0.99330709,0.51523243,0.35969448
302.275,-1.462629,0.00565665,-1.02018509,0.53306831,0.1759142
302.3,-1.445136,-0.00966344,-1.0259615,0.55350279,0.03563574
302.325,-1.419194,-0.03287928,-1.0167664,0.57169303,-0.01704318
302.35,-1.391824,-0.04654951,-1.01429079,0.58846584,-0.0809253
302.375,-1.365525,-0.0472566,-1.04718098,0.60901844,-0.22072703
302.4,-1.328397,-0.04784583,-1.07476629,0.61941286,-0.33132891
302.425,-1.273895,-0.05114554,-1.10541664,0.61527871,-0.36744138
302.45,-1.215942,-0.05562372,-1.15257102,0.59212751,-0.39056289
302.475,-1.179647,-0.062341,-1.1838108,0.56165296,-0.42917821
302.5,-1.165605,-0.06528717,-1.2106888,0.53944671,-0.43239615
302.525,-1.159179,-0.07117951,-1.22542455,0.520784,-0.38603394
302.55,-1.134189,-0.09274549,-1.23497331,0.50542861,-0.36148223
302.575,-1.088017,-0.12032166,-1.22719284,0.49172687,-0.36827566
302.6,-1.044463,-0.14554089,-1.1880547,0.48192305,-0.36946749
302.625,-1.016498,-0.17264567,-1.14891656,0.48050563,-0.35933693
302.65,-1.001861,-0.19998614,-1.12899383,0.47956068,-0.32060244
302.675,-0.98532,-0.22756231,-1.13642065,0.48074186,-0.25314482
302.7,-0.961044,-0.2504246,-1.12015238,0.48664778,-0.22287233
302.725,-0.930342,-0.26586255,-1.06592484,0.49550666,-0.24420609
302.75,-0.909755,-0.27540814,-1.00073391,0.50412931,-0.24480201
302.775,-0.896308,-0.28012202,-0.94438442,0.51086205,-0.15899021
302.8,-0.881671,-0.2863679,-0.9336568,0.51830351,-0.00738935
302.825,-0.882623,-0.29414579,-0.94155516,0.51487808,0.11393901
302.85,-0.879529,-0.29897752,-0.92068934,0.50826345,0.19867816
302.875,-0.852992,-0.29838828,-0.85443743,0.50956275,0.26935372
302.9,-0.816578,-0.29308517,-0.7908969,0.50448366,0.33538114
302.925,-0.802298,-0.29273163,-0.77545384,0.50200317,0.48769709
302.95,-0.819672,-0.2805934,-0.77639693,0.50034952,0.74787372
302.975,-0.841568,-0.23616513,-0.77356766,0.4970422,0.99970753
303,-0.853468,-0.17547399,-0.75741729,0.50283,1.13271582
303.025,-0.845257,-0.10830128,-0.73101083,0.50046764,1.16334587
303.05,-0.830144,-0.04489966,-0.71403526,0.49054569,1.20780115
303.075,-0.818363,0.01838411,-0.71191331,0.4783795,1.31971405
303.1,-0.794801,0.08355343,-0.70472226,0.45747254,1.42042374
303.125,-0.773619,0.13788084,-0.68043776,0.43751053,1.47071899
303.15,-0.753032,0.19680428,-0.68479954,0.41896594,1.51529345
303.175,-0.724353,0.25325293,-0.70177512,0.3974684,1.55903364
303.2,-0.697221,0.30274862,-0.68373856,0.36616702,1.60551503
303.225,-0.664377,0.36072928,-0.6523809,0.33368446,1.63697936
303.25,-0.637245,0.42377735,-0.61017772,0.30533605,1.62839818
303.275,-0.62951,0.48788605,-0.58542167,0.27450715,1.62589533
303.3,-0.629867,0.54138853,-0.58188509,0.25832493,1.65664456
303.325,-0.630462,0.59123776,-0.55194206,0.24887546,1.70157658
303.35,-0.623917,0.64144053,-0.51127141,0.24084341,1.72100342
303.375,-0.621656,0.67761952,-0.48910884,0.25088347,1.67642895
303.4,-0.638078,0.71155942,-0.49205599,0.27060924,1.6057534
303.425,-0.661283,0.74903472,-0.47991374,0.29576846,1.58787594
303.45,-0.683536,0.78002845,-0.45621866,0.32541618,1.63709854
303.475,-0.686987,0.80006242,-0.45893004,0.35719002,1.68393749
303.5,-0.673659,0.81950715,-0.45963736,0.400067,1.67225755
303.525,-0.670446,0.84507993,-0.46447068,0.45215721,1.65890904
303.55,-0.662711,0.86216772,-0.4902877,0.50259377,1.69406805
303.575,-0.664972,0.87513088,-0.52553561,0.55338468,1.73399437
303.6,-0.697816,0.88632633,-0.53838518,0.59756096,1.72863113
303.625,-0.721616,0.89905379,-0.52235269,0.63205153,1.70598635
303.65,-0.718879,0.92003054,-0.51362912,0.66795952,1.73268336
303.675,-0.707931,0.93146168,-0.50926734,0.70079643,1.79453937
303.7,-0.702338,0.94748886,-0.51115352,0.73127098,1.82695716
303.725,-0.711025,0.96563728,-0.50431613,0.7590288,1.79155979
303.75,-0.73304,0.97353302,-0.49571046,0.77840022,1.7302997
303.775,-0.745892,0.99038512,-0.49606412,0.79800787,1.72600911
303.8,-0.736015,1.00971201,-0.48014951,0.81572563,1.76092974
303.825,-0.722211,1.02750688,-0.48545438,0.8264744,1.76581625
303.85,-0.715904,1.03787741,-0.50997466,0.84407404,1.74388657
303.875,-0.707812,1.03940942,-0.53555591,0.85813013,1.72708175
303.9,-0.695079,1.03952727,-0.54604776,0.85801201,1.72243362
303.925,-0.671398,1.02786042,-0.52494618,0.85671271,1.74388657
303.95,-0.629391,1.01419019,-0.51893399,0.84714512,1.76939174
303.975,-0.576912,0.99910579,-0.55099897,0.82730123,1.74936899
304,-0.531573,0.96870129,-0.62255575,0.80544933,1.69657089
304.025,-0.498253,0.93429001,-0.67018168,0.78655039,1.69180357
304.05,-0.48552,0.9083637,-0.65426707,0.76458036,1.75830772
304.075,-0.492184,0.87501303,-0.65226301,0.74402776,1.80109444
304.1,-0.487186,0.81927146,-0.70036048,0.73599571,1.78536227
304.125,-0.479927,0.76364774,-0.77734002,0.72867237,1.78917613
304.15,-0.477785,0.70719908,-0.8328643,0.72347516,1.85925577
304.175,-0.483735,0.64603656,-0.85679515,0.72524694,1.9321958
304.2,-0.518364,0.6031403,-0.90336011,0.735287,1.93005051
304.225,-0.559657,0.56625422,-0.97314859,0.75501277,1.9054988
304.25,-0.592025,0.52288657,-1.0335062,0.77887269,1.90704818
304.275,-0.604401,0.4784583,-1.06227038,0.80438626,1.88642951
304.3,-0.60333,0.43014109,-1.07005085,0.82363956,1.84316606
304.325,-0.604163,0.38158817,-1.07747767,0.83686882,1.80145199
304.35,-0.602259,0.33987038,-1.09586788,0.84679077,1.73983434
304.375,-0.607138,0.30050953,-1.14962387,0.85364163,1.68203056
304.4,-0.612374,0.25372432,-1.20385142,0.85553153,1.70884675
304.425,-0.609399,0.20576064,-1.21729041,0.84915313,1.78047577
304.45,-0.599998,0.1563828,-1.19017664,0.83332527,1.74448248
304.475,-0.583814,0.11018683,-1.16141247,0.81206396,1.59383509
304.5,-0.565488,0.06752626,-1.16754254,0.79765352,1.49610498
304.525,-0.550256,0.00601019,-1.17249375,0.78796781,1.53722314
304.55,-0.543235,-0.06646564,-1.16612791,0.77922705,1.59884078
304.575,-0.537047,-0.13234204,-1.16530271,0.76363542,1.54902226
304.6,-0.506107,-0.19244394,-1.16435962,0.74509083,1.40743278
304.625,-0.453509,-0.26114867,-1.15481086,0.7307985,1.3038627
304.65,-0.413287,-0.33786698,-1.12227433,0.70741106,1.28777299
304.675,-0.390082,-0.40928219,-1.08301831,0.69205567,1.27990691
304.7,-0.374136,-0.4749229,-1.07193703,0.68508669,1.25690457
304.725,-0.358666,-0.53042877,-1.06981508,0.66795952,1.23902711
304.75,-0.335818,-0.58275279,-1.03539238,0.65260413,1.22830064
304.775,-0.303569,-0.63295555,-0.98422987,0.63677626,1.23116103
304.8,-0.26775,-0.66925239,-0.94733157,0.62000345,1.22389087
304.825,-0.242046,-0.70130674,-0.91856739,0.60393935,1.19910079
304.85,-0.238357,-0.73878205,-0.88555933,0.58338675,1.15905528
304.875,-0.244545,-0.77755367,-0.8505472,0.56035366,1.10554209
304.9,-0.230622,-0.82033208,-0.82814886,0.53413138,1.07455449
304.925,-0.217889,-0.86641021,-0.82602692,0.50909028,1.08516178
304.95,-0.22848,-0.89870025,-0.81907164,0.49172687,1.10959431
304.975,-0.24871,-0.91343111,-0.78653512,0.47767079,1.10029803
305,-0.290955,-0.9249801,-0.74621812,0.46018926,1.04249425
305.025,-0.341173,-0.93181522,-0.71544989,0.44471575,0.97908886
305.05,-0.375802,-0.93299369,-0.6994174,0.42983284,0.96597872
305.075,-0.389249,-0.94171436,-0.69635236,0.41010706,1.00697769
305.1,-0.377825,-0.94430699,-0.68656783,0.38624715,1.01710825
305.125,-0.366163,-0.92686565,-0.65768577,0.36297782,0.97944641
305.15,-0.358666,-0.89669686,-0.61088504,0.34148028,0.99446347
305.175,-0.350574,-0.86051787,-0.55300303,0.32151827,1.01925355
305.2,-0.340935,-0.8271672,-0.49771452,0.31112385,0.98612066
305.225,-0.331296,-0.79605563,-0.46895035,0.29565034,0.96097303
305.25,-0.326179,-0.7575197,-0.46246662,0.27238102,0.97229542
305.275,-0.30702,-0.71686253,-0.45079591,0.25147406,1.01091073
305.3,-0.275842,-0.67773737,-0.42073499,0.22560613,1.03343633
305.325,-0.252399,-0.63413402,-0.38855212,0.1997382,1.00805034
305.35,-0.237762,-0.5955981,-0.38713749,0.17883125,0.97634765
305.375,-0.230503,-0.55694432,-0.39998706,0.16619258,1.00459403
305.4,-0.234073,-0.5126339,-0.40505616,0.15768806,1.10601882
305.425,-0.232883,-0.46832347,-0.39692202,0.14906541,1.18205761
305.45,-0.233954,-0.42047764,-0.3870196,0.15627064,1.17097359
305.475,-0.243355,-0.37357459,-0.40163746,0.17009049,1.13545703
305.5,-0.239071,-0.3223112,-0.41354394,0.1752877,1.15929365
305.525,-0.252161,-0.2695158,-0.41319029,0.18213856,1.2546401
305.55,-0.27608,-0.21766317,-0.41319029,0.19300546,1.34140537
305.575,-0.283934,-0.16050744,-0.43004798,0.2106051,1.34140537
305.6,-0.303569,-0.10417664,-0.47284058,0.23068522,1.2750204
305.625,-0.327131,-0.05138124,-0.50313727,0.2517103,1.25666621
305.65,-0.342482,0.0093099,-0.51268604,0.27710575,1.34355066
305.675,-0.35819,0.07271152,-0.51622262,0.297304,1.43258041
305.7,-0.363545,0.12479984,-0.52942584,0.31348622,1.41482213
305.725,-0.36176,0.17064227,-0.5507632,0.32565241,1.30863002
305.75,-0.376516,0.20776404,-0.56903553,0.33805484,1.25487846
305.775,-0.399483,0.25124953,-0.59178752,0.34951233,1.31339735
305.8,-0.418761,0.30039168,-0.62491347,0.36014298,1.32972543
305.825,-0.440895,0.32172196,-0.66982802,0.37419907,1.23485571
305.85,-0.455413,0.32572876,-0.70908404,0.38223112,1.13188154
305.875,-0.468384,0.33173895,-0.75281974,0.39321613,1.11555346
305.9,-0.472073,0.33091402,-0.80079932,0.400067,1.17288052
305.925,-0.451129,0.32266474,-0.83616511,0.40172066,1.14582596
305.95,-0.418285,0.31370838,-0.89440077,0.40892588,1.00423648
305.975,-0.372232,0.2921424,-0.9605348,0.40880776,0.93391848
306,-0.320705,0.26032374,-1.00155911,0.40703599,1.00447485
306.025,-0.272867,0.23345466,-1.04942081,0.40727222,1.09052502
306.05,-0.237167,0.20528925,-1.12651823,0.40467362,1.06692677
306.075,-0.209797,0.18219127,-1.2257782,0.40030324,0.95072329
306.1,-0.178976,0.16911026,-1.32468452,0.40030324,0.86646086
306.125,-0.152082,0.15579357,-1.39612342,0.40786281,0.87849835
306.15,-0.119595,0.14613012,-1.44209894,0.42227326,0.92366873
306.175,-0.091035,0.13399189,-1.49125738,0.44211715,0.91341899
306.2,-0.083657,0.11678625,-1.538176,0.45487394,0.8577605
306.225,-0.089369,0.10394094,-1.56564342,0.47081992,0.85823723
306.25,-0.105553,0.08484975,-1.59782629,0.48251364,0.93630214
306.275,-0.11781,0.06316592,-1.63731809,0.48180493,0.99505939
306.3,-0.11662,0.0527954,-1.66737901,0.48452165,0.99505939
306.325,-0.120071,0.03688607,-1.66584649,0.47897009,0.99958834
306.35,-0.138992,0.01720564,-1.63342785,0.47341852,1.07812998
306.375,-0.166481,-0.00070708,-1.60643197,0.45570076,1.18241516
306.4,-0.20111,-0.02109459,-1.57719625,0.4225095,1.20398729
306.425,-0.245735,-0.0359433,-1.53463942,0.3968778,1.18277271
306.45,-0.286433,-0.05420956,-1.47864359,0.36274159,1.22305658
306.475,-0.322371,-0.06835119,-1.41840386,0.3371099,1.32448137
306.5,-0.364259,-0.06564071,-1.37867629,0.32281757,1.39432264
306.525,-0.405433,-0.05821636,-1.36087551,0.30486358,1.37406152
306.55,-0.450177,-0.05915913,-1.35568853,0.29954825,1.32996379
306.575,-0.493017,-0.06351946,-1.34071701,0.30238309,1.32317036
306.6,-0.526337,-0.05585942,-1.32881053,0.30840713,1.33806824
306.625,-0.551089,-0.04053932,-1.32928208,0.31927402,1.36309668
306.65,-0.56287,-0.01602717,-1.32550973,0.33356634,1.36726809
306.675,-0.567868,0.01001698,-1.3156073,0.35388271,1.31709202
306.7,-0.570248,0.03299712,-1.29391629,0.37455343,1.27382857
306.725,-0.572985,0.06882257,-1.27835534,0.40053947,1.3108945
306.75,-0.565012,0.10853697,-1.26090822,0.43691994,1.39611039
306.775,-0.532763,0.14766213,-1.23391234,0.47282793,1.41744416
306.8,-0.501823,0.18902638,-1.21564001,0.51381501,1.32960624
306.825,-0.484925,0.23404389,-1.18086365,0.55267597,1.21435622
306.85,-0.472906,0.27859001,-1.12887595,0.57771707,1.16370342
306.875,-0.468384,0.30840527,-1.09351016,0.61397941,1.1800315
306.9,-0.458031,0.34187378,-1.07570938,0.65780134,1.16954339
306.925,-0.451486,0.39125162,-1.06533541,0.70103267,1.07443531
306.95,-0.462434,0.43579774,-1.04635577,0.75383159,0.95024656
306.975,-0.472787,0.47987247,-1.00709975,0.80001588,0.9028117
307,-0.490518,0.52889677,-0.96819738,0.84159356,0.92211935
307.025,-0.517174,0.56849331,-0.94815677,0.88033639,0.8718241
307.05,-0.542402,0.60420092,-0.93342103,0.91789804,0.76324833
307.075,-0.569177,0.6368445,-0.90300645,0.95983007,0.70055804
307.1,-0.590002,0.66453852,-0.86999838,0.99231263,0.67946264
307.125,-0.606305,0.69235038,-0.84253095,1.02160599,0.64442282
307.15,-0.626535,0.71368066,-0.82461228,1.04936381,0.56111386
307.175,-0.655095,0.72605458,-0.82520171,1.07322373,0.45170381
307.2,-0.690438,0.73182908,-0.79962046,1.09826483,0.37792949
307.225,-0.720664,0.73501095,-0.74928316,1.11940802,0.3503982
307.25,-0.734944,0.73395032,-0.71226697,1.13464529,0.29307115
307.275,-0.736134,0.7273509,-0.69387676,1.13901567,0.17889378
307.3,-0.733397,0.72169425,-0.69741333,1.13523589,0.07079474
307.325,-0.729708,0.71273789,-0.68998652,1.13488153,-0.00309876
307.35,-0.737681,0.69883196,-0.65497439,1.13499965,-0.04683894
307.375,-0.763861,0.68728296,-0.61583625,1.13287352,-0.07985265
307.4,-0.798252,0.67738383,-0.58895825,1.13547212,-0.13968255
307.425,-0.834666,0.66925239,-0.576816,1.13641707,-0.21023892
307.45,-0.872746,0.66665976,-0.56361277,1.14019686,-0.23824694
307.475,-0.900473,0.66889885,-0.5348486,1.15189058,-0.22215723
307.5,-0.920227,0.67349488,-0.4945316,1.15756026,-0.22620945
307.525,-0.945812,0.67349488,-0.46376336,1.16157629,-0.26994964
307.55,-0.961401,0.67314134,-0.45126745,1.17220694,-0.31166371
307.575,-0.964257,0.67490904,-0.44737722,1.18496373,-0.32572731
307.6,-0.965923,0.67349488,-0.43499919,1.19146024,-0.30534701
307.625,-0.979013,0.68622234,-0.39586105,1.19512191,-0.26935372
307.65,-1.003765,0.70613846,-0.3525969,1.20823305,-0.24992688
307.675,-1.0234,0.71509482,-0.33880425,1.21378462,-0.27364431
307.7,-1.0353,0.72381549,-0.35153593,1.20705187,-0.30200988
307.725,-1.043987,0.7293543,-0.37369849,1.20256337,-0.2582697
307.75,-1.060766,0.72994353,-0.36544647,1.19169648,-0.18711741
307.775,-1.079568,0.73017922,-0.32784085,1.18850728,-0.17174279
307.8,-1.105391,0.7218121,-0.30108074,1.18779857,-0.19164636
307.825,-1.14597,0.70507784,-0.28457671,1.17846722,-0.16912077
307.85,-1.185835,0.68445464,-0.26465398,1.17575049,-0.07723062
307.875,-1.226771,0.66229943,-0.23789387,1.16700973,-0.00464814
307.9,-1.257711,0.63578388,-0.22846299,1.16299371,0.00297958
307.925,-1.282344,0.60514369,-0.23471094,1.16819092,0.00750853
307.95,-1.299718,0.57638906,-0.24213776,1.17539614,0.04040306
307.975,-1.308048,0.54763442,-0.24873937,1.18803481,0.10190152
308,-1.319353,0.51204466,-0.23789387,1.19535815,0.14266213
308.025,-1.318163,0.46643792,-0.23435729,1.20799682,0.12347365
308.05,-1.330539,0.41906348,-0.23754021,1.22642329,0.10392763
308.075,-1.352316,0.37381028,-0.23317843,1.24177868,0.1189447
308.1,-1.359456,0.32596445,-0.24331662,1.26528424,0.12585731
308.125,-1.37207,0.27694015,-0.24343451,1.28961663,0.09939867
308.15,-1.373736,0.22756231,-0.23034916,1.30674379,0.08199795
308.175,-1.372546,0.17948079,-0.23612558,1.32706016,0.09034076
308.2,-1.395989,0.13446328,-0.24343451,1.3414706,0.08700364
308.225,-1.432998,0.09663444,-0.22386544,1.35198314,0.07365513
308.25,-1.479051,0.06811549,-0.19663378,1.36533052,0.07210575
308.275,-1.535695,0.04772798,-0.18861753,1.37017337,0.09141341
308.3,-1.582938,0.02486569,-0.1662192,1.37619741,0.12430793
308.325,-1.612331,-0.00483172,-0.12378026,1.37501623,0.14087438
308.35,-1.645651,-0.02792971,-0.10267867,1.35859777,0.13193565
308.375,-1.688015,-0.04973138,-0.09878843,1.33674587,0.10988678
308.4,-1.737876,-0.07282937,-0.08381692,1.30603508,0.12132836
308.425,-1.799161,-0.09121348,-0.05953241,1.28040339,0.16471099
308.45,-1.854139,-0.10889051,-0.06601614,1.25418111,0.17627175
308.475,-1.899597,-0.12562477,-0.10197135,1.21437521,0.16804812
308.5,-1.944103,-0.14459811,-0.13651194,1.17799474,0.17651012
308.525,-1.987657,-0.16357146,-0.15902816,1.13877944,0.20749771
308.55,-2.035614,-0.17641677,-0.15961759,1.09791047,0.22191886
308.575,-2.079644,-0.17948079,-0.15384118,1.06223872,0.21643644
308.6,-2.119033,-0.1790094,-0.14818265,1.02526766,0.23228779
308.625,-2.155923,-0.18254481,-0.14641436,0.9901865,0.24420609
308.65,-2.183769,-0.19102978,-0.17541431,0.95451474,0.23181106
308.675,-2.219945,-0.19456519,-0.23211745,0.92191407,0.21703236
308.7,-2.266593,-0.18431251,-0.28563768,0.89179388,0.23109596
308.725,-2.312289,-0.1790094,-0.31393031,0.86120121,0.26542068
308.75,-2.354058,-0.17948079,-0.32843028,0.83686882,0.2927136
308.775,-2.38952,-0.17335275,-0.34139774,0.81300891,0.30904168
308.8,-2.420817,-0.16522132,-0.3568408,0.78784969,0.31404737
308.825,-2.445093,-0.15873974,-0.38678383,0.76906886,0.3166694
308.85,-2.47758,-0.15862189,-0.41153988,0.75938316,0.30427436
308.875,-2.519111,-0.15767912,-0.41601955,0.75961939,0.28091448
308.9,-2.552788,-0.14589443,-0.4038773,0.75477654,0.28699281
308.925,-2.589202,-0.13069218,-0.37853182,0.7513511,0.30916086
308.95,-2.619309,-0.11831826,-0.36921882,0.76091869,0.330733
308.975,-2.644418,-0.10453018,-0.38065376,0.75820197,0.3525435
309,-2.679047,-0.08508544,-0.37747084,0.753241,0.34122111
309.025,-2.704156,-0.06351946,-0.34953187,0.75371347,0.30332089
309.05,-2.7251,-0.03841808,-0.33314572,0.74733508,0.27531287
309.075,-2.744378,-0.00671727,-0.3425766,0.73741313,0.2624411
309.1,-2.748781,0.02038751,-0.36367818,0.71886855,0.2427759
309.125,-2.745568,0.04053932,-0.39338545,0.70032396,0.20559078
309.15,-2.743426,0.05809851,-0.41637321,0.67918077,0.16196978
309.175,-2.748424,0.07648262,-0.42497888,0.65673827,0.12228182
309.2,-2.746758,0.10217324,-0.42085287,0.64114664,0.09022158
309.225,-2.735453,0.12774601,-0.43252358,0.61610554,0.04457447
309.25,-2.714271,0.14931199,-0.47366578,0.59307246,-0.02169132
309.275,-2.684164,0.16816749,-0.50101533,0.57275609,-0.08152121
309.3,-2.659293,0.17853801,-0.51068198,0.54795123,-0.11870633
309.325,-2.622998,0.18820146,-0.51091775,0.53507633,-0.13753725
309.35,-2.578968,0.20151815,-0.51905188,0.51653174,-0.16018204
309.375,-2.547552,0.20894251,-0.5642022,0.50129446,-0.19522186
309.4,-2.525537,0.21389207,-0.6179582,0.49881398,-0.21143075
309.425,-2.513161,0.22237705,-0.65379553,0.48570284,-0.21834337
309.45,-2.502689,0.22579461,-0.66063292,0.48192305,-0.2364592
309.475,-2.488171,0.22343767,-0.66322641,0.48889203,-0.23276452
309.5,-2.469131,0.21919518,-0.67772638,0.49338053,-0.21703236
309.525,-2.443546,0.21342069,-0.66523047,0.50259377,-0.23479063
309.55,-2.417366,0.19868983,-0.6456614,0.50991711,-0.27412104
309.575,-2.396541,0.17618107,-0.63269394,0.51582303,-0.26851944
309.6,-2.389044,0.16180376,-0.60487286,0.52326449,-0.21548298
309.625,-2.38952,0.14648366,-0.57481194,0.53779305,-0.18258845
309.65,-2.388449,0.12515338,-0.55111686,0.55173102,-0.19712878
309.675,-2.393447,0.1073585,-0.52836487,0.56082613,-0.22787801
309.7,-2.394994,0.08638176,-0.51905188,0.58043379,-0.22275314
309.725,-2.391424,0.05786281,-0.51869822,0.60098639,-0.1674522
309.75,-2.395232,0.03028665,-0.48969827,0.61811356,-0.1083374
309.775,-2.401301,-0.00259263,-0.4584585,0.63642191,-0.08557344
309.8,-2.412725,-0.04336765,-0.46529588,0.65413967,-0.08116367
309.825,-2.418675,-0.08355343,-0.49771452,0.67859017,-0.06316702
309.85,-2.413201,-0.12527123,-0.51928765,0.70351315,-0.02979577
309.875,-2.403562,-0.15532218,-0.49759663,0.72394764,0.00679343
309.9,-2.384165,-0.16533916,-0.46317393,0.74497271,0.0457663
309.925,-2.357033,-0.17076012,-0.44796665,0.76139117,0.08497752
309.95,-2.322047,-0.17735954,-0.44702356,0.77745527,0.13145892
309.975,-2.288251,-0.18301619,-0.45315363,0.79068453,0.1773444
310,-2.257549,-0.1883193,-0.45492192,0.79659045,0.20165774
310.025,-2.221849,-0.19692212,-0.46647474,0.80521309,0.23860449
310.05,-2.186387,-0.20470002,-0.49736086,0.80840229,0.29783847
310.075,-2.148188,-0.20422863,-0.51009255,0.81596187,0.36124386
310.1,-2.116415,-0.20281447,-0.49594623,0.83367963,0.41845173
310.125,-2.091306,-0.20198954,-0.46812514,0.84371969,0.43358798
310.15,-2.063103,-0.19810059,-0.43853577,0.85210609,0.42309987
310.175,-2.036209,-0.18773007,-0.424861,0.8547047,0.42536435
310.2,-2.002889,-0.17229213,-0.40741388,0.8534054,0.42774801
310.225,-1.974567,-0.15803266,-0.37299117,0.86143745,0.43084677
310.25,-1.960406,-0.13599529,-0.3501213,0.86391793,0.43048922
310.275,-1.94803,-0.10924405,-0.35330422,0.86439041,0.41058565
310.3,-1.935297,-0.08968147,-0.35306845,0.873958,0.37518828
310.325,-1.91709,-0.06846903,-0.35365788,0.88246252,0.32215182
310.35,-1.903762,-0.04784583,-0.37016191,0.89073081,0.2779349
310.375,-1.891386,-0.03653253,-0.3761741,0.89958969,0.2546942
310.4,-1.87068,-0.02899033,-0.36745053,0.91033846,0.23729348
310.425,-1.855805,-0.02474784,-0.36179201,0.92451267,0.20499487
310.45,-1.833552,-0.02486569,-0.38584074,0.9337259,0.15624899
310.475,-1.799756,-0.02887248,-0.42285694,0.93762381,0.13849072
310.5,-1.758463,-0.0397144,-0.43735691,0.93726946,0.14981311
310.525,-1.70765,-0.04855291,-0.45386094,0.93915935,0.16637955
310.55,-1.660645,-0.0583342,-0.49441371,0.94612834,0.17960887
310.575,-1.615901,-0.0847319,-0.56184448,0.94683705,0.16471099
310.6,-1.559733,-0.11761118,-0.6405923,0.9503806,0.14218539
310.625,-1.506897,-0.15107969,-0.69328733,0.95605028,0.14230458
310.65,-1.462629,-0.17889155,-0.70590112,0.95250673,0.1378948
310.675,-1.405509,-0.20399294,-0.69175481,0.95085307,0.14480742
310.7,-1.351364,-0.23981839,-0.68468165,0.95073495,0.19045453
310.725,-1.306501,-0.27222628,-0.70377918,0.95829453,0.20630588
310.75,-1.261638,-0.3185401,-0.72169784,0.96750777,0.16769057
310.775,-1.21975,-0.37581368,-0.71544989,0.96313739,0.14516497
310.8,-1.182741,-0.41906348,-0.69222635,0.96408233,0.18497211
310.825,-1.152396,-0.47209457,-0.66299063,0.96148373,0.235029
310.85,-1.127406,-0.52653983,-0.63835247,0.94671893,0.22525599
310.875,-1.116696,-0.57627121,-0.59803547,0.9414036,0.18461456
310.9,-1.120385,-0.63213063,-0.51834456,0.94045865,0.16626037
310.925,-1.134308,-0.68492603,-0.42639351,0.93467085,0.19116963
310.95,-1.148826,-0.73854635,-0.37605621,0.92014229,0.22966576
310.975,-1.165248,-0.78757065,-0.39845454,0.89840851,0.22275314
311,-1.190476,-0.82999553,-0.42497888,0.87702908,0.18270763
311.025,-1.220107,-0.86641021,-0.38737326,0.85564965,0.13539196
311.05,-1.252237,-0.88997958,-0.32748719,0.83710506,0.10797985
311.075,-1.282225,-0.91095633,-0.27349543,0.81950542,0.10285498
311.1,-1.313165,-0.92745489,-0.22091829,0.79930717,0.07913755
311.125,-1.338988,-0.94065374,-0.18178015,0.7814713,0.04195244
311.15,-1.367905,-0.94689962,-0.16492246,0.7635173,0.00047673
311.175,-1.405747,-0.94277498,-0.16138588,0.74650825,-0.03158351
311.2,-1.438591,-0.94183221,-0.12861358,0.73363335,-0.03742348
311.225,-1.473934,-0.9232124,-0.08452423,0.72170339,-0.0225256
311.25,-1.506302,-0.8857371,-0.07662587,0.71012779,-0.03134515
311.275,-1.533791,-0.84625839,-0.06318687,0.6954811,-0.0816404
311.3,-1.559614,-0.80571907,-0.02711377,0.68780341,-0.10261662
311.325,-1.570443,-0.77578596,0.00471544,0.69028389,-0.07568124
311.35,-1.576869,-0.7499775,0.04856902,0.69181943,-0.04517038
311.375,-1.588055,-0.72393334,0.09796323,0.69394557,-0.05315565
311.4,-1.59817,-0.69352885,0.14393876,0.68992954,-0.09582318
311.425,-1.60412,-0.65110397,0.18861753,0.68485045,-0.10082887
311.45,-1.603406,-0.61751761,0.21443456,0.68685846,-0.03325207
311.475,-1.598765,-0.59583379,0.24048736,0.68662222,0.04671976
311.5,-1.591625,-0.57886384,0.26300358,0.69087449,0.07305922
311.525,-1.591744,-0.56472221,0.27219868,0.697371,0.07270167
311.55,-1.607214,-0.54881289,0.28728808,0.7031588,0.09212851
311.575,-1.632442,-0.53820667,0.29023523,0.71827795,0.13551114
311.6,-1.664334,-0.52712906,0.28304419,0.73280652,0.17972806
311.625,-1.69813,-0.51558007,0.26677593,0.74343717,0.20940464
311.65,-1.732878,-0.50756648,0.22292235,0.76434413,0.23824694
311.675,-1.767983,-0.49047868,0.16162165,0.79009394,0.23741266
311.7,-1.798923,-0.46950194,0.10715834,0.80214201,0.22466007
311.725,-1.82665,-0.45382831,0.07780473,0.81300891,0.27924591
311.75,-1.85164,-0.43850821,0.05128039,0.82623817,0.3673222
311.775,-1.882937,-0.42200965,0.0260528,0.84064861,0.4165448
311.8,-1.918875,-0.40103291,0.01921541,0.86379982,0.41845173
311.825,-1.940295,-0.36874287,0.00636584,0.87254058,0.41666399
311.85,-1.954099,-0.32785,-0.0185081,0.87572977,0.44979688
311.875,-1.967308,-0.28707498,-0.02169102,0.87773779,0.48602853
311.9,-1.967189,-0.24736059,0.01060974,0.86155557,0.48865056
311.925,-1.955289,-0.20811758,0.03454059,0.84478275,0.4749445
311.95,-1.942318,-0.16687117,0.00318292,0.82942736,0.46076172
311.975,-1.932798,-0.11961458,-0.06271533,0.80639428,0.44204998
312,-1.917923,-0.07176875,-0.07568279,0.77674656,0.43775939
312.025,-1.899597,-0.02675124,-0.04456089,0.74686261,0.44491037
312.05,-1.891267,0.02215521,-0.04161374,0.71497064,0.45110789
312.075,-1.87306,0.08319989,-0.05021942,0.67870829,0.45790133
312.1,-1.845333,0.14082701,-0.06283322,0.65272225,0.45480257
312.125,-1.831291,0.18431251,-0.06236167,0.63146093,0.44967769
312.15,-1.822128,0.2260303,-0.05245925,0.60051392,0.42536435
312.175,-1.815107,0.26138436,-0.05894298,0.56070802,0.3821009
312.2,-1.803326,0.29296733,-0.03159344,0.52350072,0.35468879
312.225,-1.784286,0.33303526,0.01897964,0.49326241,0.33728807
312.25,-1.760843,0.37003918,0.03960968,0.46125233,0.31190207
312.275,-1.731331,0.39125162,0.01461786,0.43562064,0.27435941
312.3,-1.712886,0.40598248,-0.03406904,0.41306002,0.24492119
312.325,-1.700153,0.41199267,-0.05764623,0.38601091,0.22537517
312.35,-1.681232,0.41211051,-0.07462181,0.36581267,0.19379166
312.375,-1.656361,0.41128559,-0.10633314,0.34844926,0.15887102
312.4,-1.624707,0.39926521,-0.15077614,0.32860537,0.1330083
312.425,-1.602097,0.38217741,-0.19969881,0.31407681,0.12907526
312.45,-1.586389,0.36049358,-0.25097921,0.31041514,0.14874046
312.475,-1.556044,0.33456727,-0.30709292,0.30840713,0.18342273
312.5,-1.519511,0.2994489,-0.33361726,0.30734406,0.21274177
312.525,-1.484406,0.25843819,-0.36073104,0.3101789,0.22525599
312.55,-1.451681,0.21978442,-0.42993009,0.31372245,0.23777021
312.575,-1.427167,0.17217428,-0.53543803,0.32128203,0.24492119
312.6,-1.397774,0.12656754,-0.63870613,0.33096774,0.26113009
312.625,-1.367905,0.07730755,-0.69717756,0.34277958,0.29652746
312.65,-1.338155,0.0281654,-0.74798641,0.35092975,0.31798041
312.675,-1.300313,-0.01956258,-0.82272611,0.36486772,0.31428574
312.7,-1.261162,-0.08803161,-0.89475443,0.38872763,0.28794628
312.725,-1.227842,-0.15909328,-0.93601452,0.40597292,0.24670894
312.75,-1.204042,-0.23027279,-0.97692094,0.42888789,0.22239559
312.775,-1.171317,-0.3052234,-1.04246554,0.45664571,0.22978494
312.8,-1.139187,-0.38359157,-1.11508329,0.47932444,0.24110733
312.825,-1.112412,-0.46749854,-1.18699372,0.50519237,0.22382579
312.85,-1.077783,-0.54339193,-1.23638794,0.53070594,0.18080071
312.875,-1.0472,-0.61728192,-1.27929843,0.55208537,0.14504579
312.9,-1.012928,-0.69671071,-1.32928208,0.5740554,0.12204346
312.925,-0.974134,-0.77920352,-1.34944058,0.59177315,0.10213988
312.95,-0.93891,-0.8477904,-1.35474544,0.60890032,0.07854164
312.975,-0.912135,-0.90659599,-1.36170071,0.62968916,0.04409773
313,-0.884527,-0.96033417,-1.36040397,0.6459895,0.00583997
313.025,-0.850255,-1.00087349,-1.35828202,0.66512468,-0.01930766
313.05,-0.829549,-1.05166549,-1.34201376,0.68366926,-0.02121459
313.075,-0.814079,-1.08890511,-1.32609916,0.70245009,-0.03670838
313.1,-0.798728,-1.09715439,-1.31761137,0.72359328,-0.09546563
313.125,-0.788732,-1.1137708,-1.27894477,0.7455633,-0.17937051
313.15,-0.783734,-1.12520194,-1.20420507,0.77651032,-0.25099953
313.175,-0.783496,-1.1248484,-1.12109547,0.81135525,-0.2856818
313.2,-0.783615,-1.12850165,-1.07335166,0.85541341,-0.30272498
313.225,-0.791707,-1.12296285,-1.05932323,0.90077087,-0.32977953
313.25,-0.802655,-1.10658214,-1.03150214,0.94624645,-0.37769112
313.275,-0.814079,-1.09161558,-0.96819738,0.99715548,-0.43954713
313.3,-0.832405,-1.07158161,-0.90383165,1.04263106,-0.48149957
313.325,-0.8449,-1.04318052,-0.85549841,1.08916971,-0.48328732
313.35,-0.85561,-1.01030124,-0.79490502,1.13499965,-0.47506369
313.375,-0.876316,-0.97577211,-0.73843765,1.18307383,-0.4897232
313.4,-0.895951,-0.94253929,-0.69635236,1.23622711,-0.5192806
313.425,-0.912373,-0.91095633,-0.65438496,1.28418318,-0.52440547
313.45,-0.92939,-0.88856542,-0.58978345,1.32788699,-0.4778049
313.475,-0.949144,-0.86711729,-0.49995435,1.36533052,-0.42166967
313.5,-0.972706,-0.84236945,-0.43924308,1.39568694,-0.41439951
313.525,-0.999719,-0.82174624,-0.40163746,1.4268702,-0.44133488
313.55,-1.035419,-0.80807601,-0.36132047,1.45380119,-0.44145406
313.575,-1.064217,-0.80406921,-0.3291376,1.47317261,-0.3813858
313.6,-1.084685,-0.80489414,-0.30261326,1.49278026,-0.32012571
313.625,-1.109794,-0.8027729,-0.29707262,1.50671823,-0.31988734
313.65,-1.125502,-0.78698142,-0.29212141,1.51297851,-0.33442767
313.675,-1.13526,-0.76718314,-0.2493288,1.51770325,-0.30630047
313.7,-1.135022,-0.74832764,-0.17423545,1.5206562,-0.25242973
313.725,-1.124788,-0.72299056,-0.10397542,1.51782136,-0.22835475
313.75,-1.125621,-0.69871411,-0.06519094,1.50742694,-0.23312207
313.775,-1.122051,-0.66783823,-0.03571945,1.48923671,-0.218105
313.8,-1.104558,-0.63590173,-0.01002031,1.46431373,-0.16316161
313.825,-1.086232,-0.60879695,0.01119917,1.44222559,-0.10035214
313.85,-1.075641,-0.57367858,0.0293536,1.42403536,-0.07448941
313.875,-1.064812,-0.52889677,0.03536579,1.4031284,-0.0583997
313.9,-1.04482,-0.47999031,0.03230075,1.37076396,-0.02157213
313.925,-1.025542,-0.43839037,0.00636584,1.32564274,0.00226448
313.95,-1.016974,-0.38795191,-0.02970726,1.28264764,0.01430197
313.975,-1.005907,-0.32478598,-0.04585764,1.2413062,0.0499377
314,-0.985082,-0.26503762,-0.03748774,1.200201,0.11489247
314.025,-0.975919,-0.19892552,-0.02275199,1.16299371,0.18497211
314.05,-0.969255,-0.12927802,-0.01273168,1.12224286,0.22811638
314.075,-0.951524,-0.06222315,-0.01355689,1.07830282,0.26994964
314.1,-0.934507,0.00518526,-0.06283322,1.0383788,0.32203263
314.125,-0.924273,0.07860386,-0.11694287,1.00258893,0.35766837
314.15,-0.921536,0.15473294,-0.11116646,0.96053878,0.37947887
314.175,-0.921655,0.22732662,-0.08216651,0.91565379,0.40033591
314.2,-0.926058,0.29237809,-0.07356084,0.87065068,0.44860505
314.225,-0.933555,0.34234517,-0.09112585,0.81832423,0.49711255
314.25,-0.940457,0.38559497,-0.07969091,0.77320301,0.48829301
314.275,-0.94367,0.4256629,-0.02463817,0.73658631,0.44741322
314.3,-0.940814,0.46066343,-0.02074793,0.69004766,0.42119294
314.325,-0.94486,0.48105093,-0.10739411,0.64185535,0.41416114
314.35,-0.961758,0.48234725,-0.20535734,0.5985059,0.426437
314.375,-0.968541,0.48823959,-0.25545887,0.55007736,0.43561409
314.4,-0.973658,0.50190983,-0.290471,0.50412931,0.4017661
314.425,-0.994483,0.50438462,-0.34210505,0.4694025,0.34062519
314.45,-1.010548,0.49236423,-0.41932036,0.43680182,0.29783847
314.475,-1.036728,0.47822261,-0.49559257,0.40148442,0.30212906
314.5,-1.068977,0.47303735,-0.52152748,0.36675761,0.33049463
314.525,-1.085756,0.47138749,-0.51445433,0.3339207,0.34193621
314.55,-1.110508,0.46514161,-0.52341366,0.30049319,0.322271
314.575,-1.130619,0.45771725,-0.56938918,0.26694757,0.30105642
314.6,-1.145494,0.4465218,-0.61607202,0.24367825,0.31285554
314.625,-1.1781,0.43850821,-0.63823458,0.22560613,0.32429711
314.65,-1.20428,0.43190879,-0.67053534,0.19879326,0.30379763
314.675,-1.220583,0.40727879,-0.7304214,0.17387028,0.25791215
314.7,-1.237124,0.37628507,-0.81093751,0.15142778,0.21274177
314.725,-1.249619,0.34540918,-0.88838859,0.13843476,0.20070428
314.75,-1.26616,0.31241206,-0.94096573,0.14008842,0.21405278
314.775,-1.281154,0.28448235,-0.9772746,0.14115148,0.21536379
314.8,-1.292459,0.25172092,-1.02548996,0.14363197,0.1991549
314.825,-1.304597,0.22072719,-1.10046543,0.14221455,0.1836611
314.85,-1.309476,0.19161902,-1.15976207,0.14138772,0.17138524
314.875,-1.310547,0.15697203,-1.17355472,0.15048283,0.16030122
314.9,-1.309119,0.12562477,-1.17992057,0.16323962,0.14313886
314.925,-1.302693,0.08909224,-1.22377414,0.17540582,0.1266916
314.95,-1.29829,0.05715573,-1.31348536,0.18497341,0.11441574
314.975,-1.296029,0.03276143,-1.3811519,0.19796643,0.0858118
315,-1.294125,0.00388895,-1.37655435,0.20847897,0.07043719
315.025,-1.284486,-0.0263977,-1.36075763,0.21745596,0.09618073
315.05,-1.274966,-0.05161693,-1.39081855,0.22714167,0.10869495
315.075,-1.271158,-0.06469793,-1.43196075,0.23753609,0.07627716
315.1,-1.247596,-0.07565769,-1.45353388,0.26234095,0.0147787
315.125,-1.218441,-0.08614606,-1.45954606,0.28950818,-0.04600466
315.15,-1.208207,-0.09863783,-1.44740381,0.31702977,-0.09045994
315.175,-1.200591,-0.10771204,-1.43514367,0.35045728,-0.13682216
315.2,-1.191547,-0.1093619,-1.41415997,0.38435725,-0.1822309
315.225,-1.190119,-0.11737549,-1.39211529,0.4238088,-0.23061923
315.25,-1.182979,-0.12185367,-1.39058277,0.46054362,-0.28889974
315.275,-1.167747,-0.11902534,-1.3803267,0.49491607,-0.32954117
315.3,-1.158465,-0.11018683,-1.36547307,0.52633556,-0.37161279
315.325,-1.155014,-0.10252678,-1.35356658,0.55373903,-0.4489626
315.35,-1.153705,-0.10028769,-1.34472514,0.57948884,-0.51916142
315.375,-1.146803,-0.0978129,-1.34908692,0.6029944,-0.56004121
315.4,-1.127168,-0.10441233,-1.3483796,0.63087034,-0.57148278
315.425,-1.102416,-0.12055735,-1.32468452,0.65083235,-0.56063712
315.45,-1.084566,-0.14176979,-1.27776591,0.67044,-0.58590393
315.475,-1.061599,-0.1506083,-1.24440419,0.69122884,-0.64632975
315.5,-1.036609,-0.15602926,-1.24298955,0.70504869,-0.67123901
315.525,-1.023638,-0.17794878,-1.24310744,0.72158527,-0.65240808
315.55,-1.004955,-0.19315102,-1.2090384,0.72973544,-0.65026279
315.575,-0.982107,-0.21954872,-1.12746131,0.735287,-0.68005855
315.6,-0.955808,-0.26503762,-1.05991266,0.74284658,-0.69006993
315.625,-0.920108,-0.29332087,-1.01417291,0.74331905,-0.65503011
315.65,-0.896427,-0.32042565,-0.95841285,0.73635007,-0.61653398
315.675,-0.875126,-0.35189076,-0.90689668,0.72737307,-0.63202778
315.7,-0.843829,-0.3751066,-0.84877891,0.71839607,-0.67386103
315.725,-0.807891,-0.40775018,-0.81235215,0.70174138,-0.65669867
315.75,-0.751485,-0.44440056,-0.78724244,0.68496857,-0.60425813
315.775,-0.689962,-0.47327304,-0.73454741,0.66406161,-0.59150554
315.8,-0.633675,-0.50073136,-0.69163692,0.63760309,-0.60997891
315.825,-0.571676,-0.52111887,-0.67006379,0.61185328,-0.63464981
315.85,-0.519792,-0.54539533,-0.63964921,0.57854389,-0.6501436
315.875,-0.460649,-0.5747392,-0.59650295,0.54417144,-0.64394609
315.9,-0.393057,-0.58852728,-0.55925099,0.50979899,-0.63500736
315.925,-0.336889,-0.60302245,-0.5273039,0.4733004,-0.63167023
315.95,-0.284053,-0.62270288,-0.48592592,0.43691994,-0.60747607
315.975,-0.239071,-0.63448756,-0.4281618,0.3974684,-0.56468935
316,-0.193851,-0.63943713,-0.36839362,0.35825309,-0.53239074
316.025,-0.14518,-0.6406156,-0.33102377,0.32281757,-0.5284577
316.05,-0.105315,-0.63849436,-0.31451974,0.29376045,-0.5354895
316.075,-0.074613,-0.6272989,-0.2963653,0.26954618,-0.51355982
316.1,-0.058905,-0.61021111,-0.2602922,0.24367825,-0.46624414
316.125,-0.054026,-0.59571594,-0.19628012,0.2150936,-0.41308849
316.15,-0.049861,-0.58452049,-0.13674771,0.18639083,-0.37125524
316.175,-0.047957,-0.56389729,-0.12000791,0.15367203,-0.34229375
316.2,-0.041531,-0.54739872,-0.1108128,0.11410237,-0.30987596
316.225,-0.035819,-0.53667466,-0.08346326,0.07795814,-0.28556262
316.25,-0.046529,-0.51133758,-0.07344295,0.04346757,-0.28627772
316.275,-0.061166,-0.48717897,-0.09525186,0.01299302,-0.30451272
316.3,-0.080801,-0.45748156,-0.09808112,-0.00425226,-0.29879194
316.325,-0.107695,-0.43025893,-0.08004457,-0.02043448,-0.26160682
316.35,-0.131376,-0.41411391,-0.08888601,-0.03449057,-0.26279865
316.375,-0.167433,-0.38370942,-0.11034126,-0.04453063,-0.31607348
316.4,-0.200753,-0.36072928,-0.12460546,-0.05964979,-0.34944474
316.425,-0.225029,-0.3353922,-0.12778838,-0.06945362,-0.30284416
316.45,-0.263823,-0.30263077,-0.1108128,-0.0674456,-0.22203804
316.475,-0.305354,-0.28577867,-0.09348357,-0.06650066,-0.21309932
316.5,-0.351169,-0.26680532,-0.09395511,-0.06791808,-0.26804271
316.525,-0.399007,-0.26468408,-0.10963394,-0.06591006,-0.28866138
316.55,-0.437563,-0.26421269,-0.13368268,-0.07039856,-0.23836612
316.575,-0.472073,-0.24323595,-0.14488184,-0.07913932,-0.20380304
316.6,-0.501347,-0.23699006,-0.14264201,-0.07453271,-0.23097677
316.625,-0.525147,-0.23015494,-0.13144284,-0.06272087,-0.26136846
316.65,-0.546805,-0.21224222,-0.12660952,-0.05598812,-0.26327538
316.675,-0.567749,-0.20033968,-0.14900785,-0.05220833,-0.2469473
316.7,-0.586432,-0.19362241,-0.16232897,-0.04405816,-0.25147626
316.725,-0.608209,-0.18961562,-0.1721135,-0.03779789,-0.26339457
316.75,-0.62713,-0.18124849,-0.20700774,-0.03649858,-0.23026168
316.775,-0.634984,-0.16038959,-0.23871907,-0.0263404,-0.17627175
316.8,-0.641172,-0.12774601,-0.25840602,-0.01216619,-0.15207759
316.825,-0.64379,-0.09687013,-0.2611174,-0.00377979,-0.13396176
316.85,-0.639982,-0.06505147,-0.25038978,0.00389791,-0.06900699
316.875,-0.632366,-0.03158296,-0.27396697,0.01866271,0.01299095
316.9,-0.621537,-0.00164986,-0.33137743,0.03189197,0.03694675
316.925,-0.611898,0.03146512,-0.36061315,0.03708918,0.0274121
316.95,-0.60452,0.05609511,-0.35860909,0.0385066,0.08152121
316.975,-0.599165,0.08155004,-0.36108469,0.03708918,0.20273039
317,-0.597975,0.11077606,-0.3719302,0.03909719,0.30165233
317.025,-0.594167,0.1317528,-0.38772692,0.04157767,0.33871826
317.05,-0.589169,0.15944682,-0.4047025,0.04039649,0.36136304
317.075,-0.587503,0.18195557,-0.42969432,0.03756165,0.39056289
317.1,-0.574294,0.19338672,-0.46187719,0.03578987,0.40295793
317.125,-0.56049,0.20210739,-0.4937064,0.03389998,0.41904765
317.15,-0.55454,0.2071748,-0.52612504,0.03248256,0.4376402
317.175,-0.540736,0.22166997,-0.54534045,0.03838848,0.43406471
317.2,-0.528122,0.23416174,-0.56821032,0.04441252,0.42774801
317.225,-0.522767,0.24582858,-0.60664115,0.0398059,0.41892846
317.25,-0.522172,0.26291637,-0.63234029,0.03236444,0.41916683
317.275,-0.517769,0.26998719,-0.64259636,0.03141949,0.43048922
317.3,-0.507059,0.27870785,-0.65968983,0.02905712,0.40820199
317.325,-0.495754,0.29002115,-0.70142146,0.02527734,0.35611899
317.35,-0.475643,0.30651972,-0.75340917,0.02515922,0.33025627
317.375,-0.464338,0.32113273,-0.78311643,0.02704911,0.34872964
317.4,-0.471835,0.31641885,-0.81541718,0.02622228,0.35850265
317.425,-0.472073,0.31300129,-0.86363254,0.02232438,0.33657297
317.45,-0.459935,0.31158713,-0.89946987,0.02338744,0.31059106
317.475,-0.441966,0.31158713,-0.93047388,0.02917524,0.30344008
317.5,-0.421855,0.31359053,-0.95346164,0.0366167,0.30248661
317.525,-0.40817,0.3069911,-0.95240066,0.04370381,0.28079529
317.55,-0.392343,0.29296733,-0.93094542,0.0481923,0.26923454
317.575,-0.375564,0.27422967,-0.91797796,0.0487829,0.28508588
317.6,-0.354144,0.25914527,-0.92929502,0.0513815,0.30093723
317.625,-0.318444,0.24441441,-0.93577874,0.04913725,0.29378625
317.65,-0.28679,0.22744446,-0.93601452,0.04027837,0.27006882
317.675,-0.249781,0.21306715,-0.95558359,0.03827036,0.2694729
317.7,-0.208964,0.19904337,-0.97491688,0.03578987,0.28174876
317.725,-0.16779,0.17358844,-0.97527054,0.03697106,0.28925729
317.75,-0.120666,0.14059132,-0.97279494,0.0424045,0.30415517
317.775,-0.080801,0.12303214,-0.98328679,0.0481923,0.32453548
317.8,-0.03332,0.1111296,-1.01040056,0.05622436,0.34515415
317.825,0.005355,0.09262764,-1.0302054,0.0635477,0.34491578
317.85,0.036057,0.07471492,-1.04623789,0.07736755,0.34372395
317.875,0.075684,0.05880559,-1.06285981,0.08705326,0.3722087
317.9,0.102935,0.05043846,-1.07629881,0.09154176,0.39628368
317.925,0.127568,0.04690306,-1.09362804,0.09756579,0.38055152
317.95,0.154581,0.04254272,-1.09975811,0.10040063,0.34956392
317.975,0.178262,0.04136425,-1.09834348,0.10654279,0.3356195
318,0.205989,0.03853593,-1.09244918,0.1149292,0.32131754
318.025,0.232407,0.04053932,-1.11237191,0.1265048,0.3018907
318.05,0.250495,0.05185262,-1.14573364,0.14315949,0.28341732
318.075,0.260491,0.05208832,-1.14585152,0.15686123,0.27507451
318.1,0.262752,0.04949569,-1.13477024,0.16690129,0.29867275
318.125,0.256088,0.04961353,-1.11520117,0.17765006,0.31821878
318.15,0.240261,0.03853593,-1.11378654,0.18698142,0.29843439
318.175,0.22491,0.02521923,-1.12805074,0.19418664,0.26673169
318.2,0.211701,0.00424249,-1.11755889,0.20729778,0.23455227
318.225,0.187068,-0.0321722,-1.12121336,0.23316571,0.21190748
318.25,0.160293,-0.0698832,-1.13771739,0.26186848,0.21870092
318.275,0.144585,-0.10382309,-1.1367743,0.28324791,0.2287123
318.3,0.128996,-0.13764515,-1.13005481,0.30285556,0.22227641
318.325,0.104244,-0.16863888,-1.12911172,0.3223451,0.22120376
318.35,0.084966,-0.20587849,-1.14679461,0.33864544,0.22597109
318.375,0.070448,-0.24842121,-1.16942872,0.3512841,0.22287233
318.4,0.052122,-0.28625005,-1.18416446,0.36746632,0.21000056
318.425,0.03927,-0.32490383,-1.18605064,0.3866015,0.18115825
318.45,0.018683,-0.35389416,-1.18475389,0.40124818,0.14885964
318.475,-0.007259,-0.37769923,-1.20055061,0.41270567,0.14015928
318.5,-0.028798,-0.4088108,-1.21257498,0.41790288,0.14683353
318.525,-0.051884,-0.43933314,-1.22200585,0.42345444,0.12704914
318.55,-0.068901,-0.47268381,-1.2451115,0.43314015,0.09451217
318.575,-0.080444,-0.51015911,-1.25489604,0.43562064,0.08950648
318.6,-0.085561,-0.54504179,-1.22931478,0.43207709,0.09200932
318.625,-0.092344,-0.58169216,-1.19383111,0.42758859,0.08402406
318.65,-0.105077,-0.61834254,-1.17815228,0.42298197,0.07341677
318.675,-0.112693,-0.64839349,-1.1813352,0.41636734,0.05005689
318.7,-0.119,-0.67102009,-1.16801408,0.40798093,0.01322932
318.725,-0.125069,-0.69128976,-1.13488813,0.39817711,-0.01072648
318.75,-0.126259,-0.71733392,-1.12215645,0.38825516,-0.01668563
318.775,-0.119833,-0.72699736,-1.11119305,0.37774262,0.01120321
318.8,-0.111741,-0.7235798,-1.10364835,0.35860744,0.06829189
318.825,-0.097104,-0.72841152,-1.11673369,0.33486565,0.09939867
318.85,-0.077707,-0.7293543,-1.11048574,0.30947019,0.10237825
318.875,-0.062356,-0.72570104,-1.10117275,0.28372038,0.10786067
318.9,-0.041888,-0.71921947,-1.09610365,0.26399461,0.13849072
318.925,-0.022134,-0.7084954,-1.08266465,0.24426884,0.21512543
318.95,-0.001666,-0.69093622,-1.05578665,0.21792844,0.29950704
318.975,0.0238,-0.67031301,-0.99542904,0.18662706,0.34253212
319,0.045696,-0.64839349,-0.95982748,0.15426262,0.35874102
319.025,0.067711,-0.62117087,-0.95982748,0.12296125,0.37530746
319.05,0.098294,-0.60479015,-0.93672183,0.09614837,0.41308849
319.075,0.141134,-0.60019412,-0.89428289,0.07346964,0.46219192
319.1,0.178381,-0.60196183,-0.88013657,0.05126338,0.48805464
319.125,0.200515,-0.60714709,-0.8933398,0.03059266,0.47911591
319.15,0.224315,-0.6046723,-0.8890959,0.00826829,0.46815107
319.175,0.24633,-0.61516068,-0.88001869,-0.01570975,0.47518287
319.2,0.260729,-0.6348411,-0.87848617,-0.0353174,0.47899673
319.225,0.273462,-0.6423833,-0.88968533,-0.05173586,0.46588659
319.25,0.288575,-0.65617139,-0.90831132,-0.064847,0.43632919
319.275,0.306544,-0.67019517,-0.9202178,-0.07169787,0.41964356
319.3,0.319396,-0.67938722,-0.92917713,-0.07264281,0.42238477
319.325,0.330225,-0.69706425,-0.93943321,-0.0693355,0.41988193
319.35,0.335342,-0.71462344,-0.97291282,-0.06520135,0.39973999
319.375,0.333795,-0.73253616,-1.01452657,-0.05575188,0.36863321
319.4,0.329392,-0.75115597,-1.0536647,-0.04535746,0.36970586
319.425,0.319158,-0.76753668,-1.08172156,-0.03732541,0.38817923
319.45,0.31297,-0.78792419,-1.0915061,-0.02657664,0.36017121
319.475,0.307615,-0.80854739,-1.11531906,-0.02279685,0.30796903
319.5,0.292859,-0.82834567,-1.13465236,-0.02090696,0.27209493
319.525,0.271915,-0.85368275,-1.13488813,-0.0134655,0.2638713
319.55,0.255612,-0.88031614,-1.13005481,-0.01098501,0.26697006
319.575,0.241927,-0.90883508,-1.12651823,-0.01417421,0.23133432
319.6,0.222054,-0.94466053,-1.13052635,-0.01712717,0.16661792
319.625,0.204323,-0.98190014,-1.1200345,-0.02397803,0.12013653
319.65,0.193137,-1.02078961,-1.09645731,-0.03992402,0.11036352
319.675,0.185283,-1.06121109,-1.06922565,-0.05575188,0.11381982
319.7,0.183974,-1.10434305,-1.04140456,-0.07441459,0.10690721
319.725,0.186235,-1.15148179,-1.02855499,-0.09626649,0.10094805
319.75,0.185521,-1.19037126,-1.00356317,-0.11681909,0.11811041
319.775,0.174454,-1.21782958,-0.96124211,-0.14138772,0.17698685
319.8,0.16184,-1.23550661,-0.93236005,-0.16536575,0.261726
319.825,0.159817,-1.25047317,-0.90194547,-0.19276922,0.32775342
319.85,0.161245,-1.26650034,-0.87377073,-0.22348,0.37399645
319.875,0.17136,-1.27793149,-0.87082358,-0.24568626,0.4334688
319.9,0.184212,-1.28783063,-0.87141301,-0.26706569,0.50092641
319.925,0.190638,-1.29549067,-0.85632361,-0.29057125,0.56051794
319.95,0.195874,-1.2980833,-0.83027081,-0.30380051,0.60747607
319.975,0.201348,-1.30197225,-0.79997412,-0.31324998,0.64168161
320,0.212296,-1.30821814,-0.76779125,-0.32529806,0.67827081
320.025,0.228004,-1.31375694,-0.73572627,-0.33427506,0.72308364
320.05,0.242998,-1.31670311,-0.69576293,-0.33663742,0.76813484
320.075,0.249424,-1.31576034,-0.65438496,-0.3384092,0.79077962
320.1,0.248115,-1.31741019,-0.62125901,-0.34502383,0.77945723
320.125,0.244783,-1.32636655,-0.5910802,-0.34892174,0.77433236
320.15,0.242522,-1.34145095,-0.55488921,-0.3473862,0.79173308
320.175,0.245735,-1.35099655,-0.51834456,-0.34006286,0.80615423
320.2,0.246806,-1.35535688,-0.51374701,-0.33203081,0.78958779
320.225,0.245259,-1.35441411,-0.51586896,-0.32541618,0.76157977
320.25,0.245378,-1.35700674,-0.50820637,-0.31419493,0.77075686
320.275,0.248234,-1.37091267,-0.50455191,-0.30793465,0.79364001
320.3,0.250138,-1.37008774,-0.4928812,-0.30876148,0.82784555
320.325,0.243712,-1.36773081,-0.48922673,-0.30545417,0.87861753
320.35,0.240975,-1.36808435,-0.49547469,-0.297304,0.89029747
320.375,0.248234,-1.35794952,-0.50761694,-0.28631899,0.8788559
320.4,0.260848,-1.34757899,-0.5222348,-0.26883746,0.90400353
320.425,0.276199,-1.33815124,-0.54687296,-0.25525385,0.97467908
320.45,0.281316,-1.33296598,-0.58058835,-0.2530096,1.04368608
320.475,0.274414,-1.31964928,-0.59049077,-0.24391448,1.06096762
320.5,0.270011,-1.30126517,-0.59532409,-0.23446501,1.05858396
320.525,0.277984,-1.28394168,-0.61312487,-0.23600055,1.0920744
320.55,0.284648,-1.26485049,-0.64884432,-0.23292947,1.16346505
320.575,0.299404,-1.24681991,-0.69458407,-0.23670926,1.22710881
320.6,0.327607,-1.22442901,-0.70766941,-0.24875734,1.24296016
320.625,0.340935,-1.20510212,-0.70177512,-0.25986047,1.22782391
320.65,0.349146,-1.18872141,-0.70979136,-0.27332596,1.22091129
320.675,0.354263,-1.17446193,-0.73666936,-0.28596463,1.24319852
320.7,0.357595,-1.16420926,-0.7631937,-0.30143814,1.28717707
320.725,0.37485,-1.14829993,-0.76625873,-0.31573047,1.32746095
320.75,0.398055,-1.12673395,-0.75270185,-0.33415694,1.36142812
320.775,0.426377,-1.11318156,-0.73879131,-0.35683567,1.4009969
320.8,0.449344,-1.10587505,-0.73749456,-0.3737266,1.43830119
320.825,0.462791,-1.09951132,-0.74008805,-0.39014506,1.48311403
320.85,0.475881,-1.09927563,-0.74221,-0.40219313,1.5403219
320.875,0.483497,-1.08925865,-0.73053929,-0.41235131,1.59455019
320.9,0.490399,-1.07417425,-0.69552716,-0.42593493,1.64007812
320.925,0.49147,-1.06816406,-0.66605567,-0.43715618,1.68417585
320.95,0.489685,-1.06439296,-0.65096627,-0.44920425,1.72565156
320.975,0.497658,-1.0569686,-0.63670207,-0.46290599,1.74376738
321,0.491113,-1.04400545,-0.60581594,-0.46916626,1.75973791
321.025,0.486353,-1.03339923,-0.56137294,-0.473891,1.78834185
321.05,0.488614,-1.02456071,-0.52353154,-0.48771085,1.81885271
321.075,0.468265,-1.0119511,-0.48368609,-0.49621537,1.83339305
321.1,0.451248,-1.00287689,-0.43865365,-0.49668785,1.83410814
321.125,0.425544,-1.00205196,-0.39244236,-0.49491607,1.8527007
321.15,0.384251,-0.99804517,-0.34363757,-0.49196311,1.85639538
321.175,0.354025,-0.98095737,-0.29447913,-0.49302618,1.83410814
321.2,0.317373,-0.96693359,-0.23978004,-0.4854666,1.80598094
321.225,0.277032,-0.96104125,-0.18649559,-0.4783795,1.76736563
321.25,0.239428,-0.95962709,-0.13332902,-0.47849761,1.74233719
321.275,0.206703,-0.96115909,-0.07839416,-0.46349658,1.71468672
321.3,0.175644,-0.9516135,-0.03053246,-0.43999102,1.65521437
321.325,0.140777,-0.94536761,0.01732924,-0.41955654,1.59180898
321.35,0.106029,-0.94171436,0.06271533,-0.39841334,1.55450468
321.375,0.058667,-0.92014838,0.09678437,-0.37975064,1.54556595
321.4,0.006069,-0.9045926,0.12024368,-0.36876563,1.52387463
321.425,-0.042364,-0.89433992,0.14087372,-0.35860744,1.46023088
321.45,-0.086989,-0.87383456,0.1670444,-0.33722802,1.38872104
321.475,-0.133756,-0.85745385,0.19804841,-0.31324998,1.341167
321.5,-0.17969,-0.84272299,0.22575161,-0.29482351,1.2968309
321.525,-0.223482,-0.82881706,0.24390605,-0.27450715,1.23175695
321.55,-0.273938,-0.81467543,0.26323935,-0.25442702,1.14582596
321.575,-0.326417,-0.79511285,0.28775963,-0.23800856,1.05810723
321.6,-0.374969,-0.77731797,0.3089791,-0.2176922,1.00185282
321.625,-0.40222,-0.76541544,0.32359696,-0.1958403,0.97158032
321.65,-0.423164,-0.76081941,0.32253598,-0.17824066,0.92497975
321.675,-0.446726,-0.75610554,0.32064981,-0.15438074,0.85585357
321.7,-0.460887,-0.75693046,0.33939368,-0.129694,0.8071077
321.725,-0.475048,-0.7632942,0.3719302,-0.11481108,0.79077962
321.75,-0.482902,-0.76541544,0.397983,-0.09402224,0.76551281
321.775,-0.484211,-0.77048285,0.40434884,-0.07547765,0.71569429
321.8,-0.477309,-0.77708228,0.41578378,-0.06153968,0.67314594
321.825,-0.470645,-0.79016328,0.44101137,-0.03697106,0.66790188
321.85,-0.468741,-0.80265505,0.45916581,-0.0134655,0.68685199
321.875,-0.463862,-0.80701539,0.46211296,0.00968571,0.69936621
321.9,-0.467194,-0.81597175,0.47555196,0.0295296,0.70341843
321.925,-0.469455,-0.8216284,0.50985677,0.04795607,0.71354899
321.95,-0.469693,-0.82704935,0.52329577,0.06555571,0.74572842
321.975,-0.473382,-0.84319438,0.52023074,0.07287905,0.78231762
322,-0.476238,-0.85651107,0.53932826,0.08303723,0.78553556
322.025,-0.486948,-0.86841361,0.58247452,0.09591214,0.78124497
322.05,-0.502418,-0.87147762,0.61418585,0.11185812,0.78970697
322.075,-0.511581,-0.85120796,0.62656387,0.12839469,0.79816897
322.1,-0.512176,-0.83247031,0.65344187,0.14280514,0.7986457
322.125,-0.516579,-0.81597175,0.68857189,0.15969607,0.77516664
322.15,-0.517293,-0.79853041,0.72605962,0.17020861,0.76253323
322.175,-0.515151,-0.79652701,0.77627904,0.1810755,0.77409399
322.2,-0.516341,-0.79393438,0.81423832,0.19690336,0.77516664
322.225,-0.511343,-0.78379955,0.83345373,0.21048698,0.78303272
322.25,-0.511343,-0.76765453,0.85844556,0.22005457,0.79268655
322.275,-0.505988,-0.74090329,0.88968533,0.22572425,0.78744249
322.3,-0.502418,-0.706492,0.90654303,0.23044899,0.78339027
322.325,-0.500633,-0.66406713,0.90795766,0.22820474,0.78124497
322.35,-0.488971,-0.61527852,0.9159739,0.22596049,0.81068319
322.375,-0.495278,-0.55941911,0.92681941,0.23233888,0.85716458
322.4,-0.511819,-0.50992342,0.93129908,0.23174829,0.87313511
322.425,-0.52717,-0.47350874,0.9512218,0.22501554,0.87647224
322.45,-0.541212,-0.43839037,0.96525023,0.21910962,0.86824861
322.475,-0.544901,-0.40551109,0.9361324,0.21343994,0.85501929
322.5,-0.547995,-0.36662162,0.89652272,0.21403053,0.86908289
322.525,-0.551208,-0.30981943,0.87105935,0.21084133,0.90340761
322.55,-0.5474,-0.25608125,0.8521976,0.2003288,0.93701724
322.575,-0.535024,-0.21601332,0.82579114,0.1913518,0.94166537
322.6,-0.519435,-0.18313404,0.78653512,0.17871313,0.92509893
322.625,-0.511343,-0.16227514,0.75329128,0.16666505,0.91854386
322.65,-0.504203,-0.14825137,0.72735637,0.15532569,0.93046217
322.675,-0.494921,-0.14365534,0.70318975,0.14079713,0.94452577
322.7,-0.48076,-0.14176979,0.67866947,0.13052083,0.9287936
322.725,-0.452081,-0.13434544,0.66287275,0.11599226,0.91032023
322.75,-0.421379,-0.13505252,0.65049472,0.10040063,0.91365735
322.775,-0.404957,-0.13811653,0.62279152,0.08764385,0.91532592
322.8,-0.401268,-0.14530519,0.59237695,0.0764226,0.90173905
322.825,-0.392462,-0.16498562,0.55736482,0.07287905,0.88004773
322.85,-0.381395,-0.1847839,0.50844214,0.06331146,0.8725392
322.875,-0.37604,-0.20788188,0.4542146,0.05303516,0.88886728
322.9,-0.363426,-0.23039064,0.39869031,0.05114526,0.91008186
322.925,-0.35819,-0.24853905,0.34033676,0.04736548,0.90519536
322.95,-0.361522,-0.27340475,0.277032,0.04228639,0.89470725
322.975,-0.351764,-0.30027383,0.21101587,0.03673482,0.90543372
323,-0.341768,-0.33067833,0.14806476,0.03047455,0.9013815
323.025,-0.337008,-0.35778311,0.0839348,0.02208814,0.87694897
323.05,-0.334271,-0.37828846,0.01249591,0.00933135,0.8725392
323.075,-0.338674,-0.39879382,-0.04408935,-0.00614216,0.89423052
323.1,-0.344267,-0.416353,-0.08287383,-0.02031636,0.90543372
323.125,-0.354739,-0.43450142,-0.13132496,-0.0327188,0.87134737
323.15,-0.368781,-0.44581472,-0.17341025,-0.05090903,0.80829953
323.175,-0.381752,-0.44864304,-0.19851996,-0.06921738,0.76777729
323.2,-0.402458,-0.45111783,-0.22197926,-0.08504524,0.77063768
323.225,-0.422926,-0.45312123,-0.23612558,-0.10453478,0.78219844
323.25,-0.439586,-0.45653879,-0.24060524,-0.12366996,0.77778866
323.275,-0.463267,-0.4522963,-0.246028,-0.1444588,0.77874213
323.3,-0.494088,-0.44381132,-0.24119467,-0.16323962,0.79137553
323.325,-0.534905,-0.43744759,-0.21962154,-0.18461905,0.80412812
323.35,-0.58667,-0.41882779,-0.20205653,-0.21816467,0.80400894
323.375,-0.6307,-0.39785104,-0.18531673,-0.24804863,0.79947998
323.4,-0.67235,-0.38429865,-0.14653225,-0.27344408,0.80520077
323.425,-0.729589,-0.36638593,-0.09607706,-0.30037508,0.82272068
323.45,-0.794444,-0.34352363,-0.06012184,-0.32565241,0.84488873
323.475,-0.859061,-0.31971857,-0.04444301,-0.35010292,0.83821448
323.5,-0.914753,-0.2956778,-0.03548367,-0.37195482,0.8063926
323.525,-0.951405,-0.26421269,-0.03100401,-0.39770463,0.7965004
323.55,-0.970445,-0.23074418,-0.04232106,-0.4238088,0.80531995
323.575,-0.995792,-0.20375724,-0.06318687,-0.44010914,0.79566612
323.6,-1.028041,-0.18301619,-0.08617464,-0.45428334,0.76038794
323.625,-1.050651,-0.17853801,-0.09419088,-0.4662133,0.72904279
323.65,-1.071119,-0.177006,-0.09383722,-0.47684396,0.73345256
323.675,-1.079211,-0.17134935,-0.11812173,-0.48771085,0.75156839
323.7,-1.079925,-0.17358844,-0.14547127,-0.49479795,0.7388158
323.725,-1.091825,-0.17464907,-0.15502004,-0.50306624,0.71021187
323.75,-1.108366,-0.17806662,-0.14794688,-0.50720038,0.69614827
323.775,-1.130262,-0.18289835,-0.14311355,-0.50566484,0.69364542
323.8,-1.147517,-0.1810128,-0.15502004,-0.50507425,0.68709035
323.825,-1.145018,-0.17606323,-0.15490215,-0.50495613,0.6719541
323.85,-1.132642,-0.17370629,-0.14759322,-0.50660979,0.66957044
323.875,-1.102654,-0.18219127,-0.14570705,-0.51393313,0.6684978
323.9,-1.058029,-0.19621504,-0.16091433,-0.51830351,0.66158518
323.925,-1.020425,-0.20776404,-0.18920696,-0.51794916,0.65920152
323.95,-0.984249,-0.22296628,-0.19628012,-0.51877599,0.65550684
323.975,-0.956522,-0.24523934,-0.19238989,-0.51783104,0.66825943
324,-0.946645,-0.26491977,-0.19132891,-0.52007529,0.68709035
324.025,-0.947002,-0.27929709,-0.18366632,-0.5239732,0.69853193
324.05,-0.948549,-0.2939101,-0.16173954,-0.52775298,0.71748203
324.075,-0.935459,-0.30239508,-0.16173954,-0.53153277,0.73285665
324.1,-0.896546,-0.30227723,-0.18814599,-0.53283208,0.73202237
324.125,-0.845257,-0.30086307,-0.19769475,-0.5342495,0.73440603
324.15,-0.798609,-0.29449934,-0.20523946,-0.53696622,0.76360588
324.175,-0.75327,-0.28353958,-0.21632074,-0.54759687,0.79995671
324.2,-0.698292,-0.27045857,-0.21808902,-0.56153485,0.82629617
324.225,-0.640458,-0.26209145,-0.21054432,-0.57334668,0.8563303
324.25,-0.590954,-0.25725972,-0.19910939,-0.59236375,0.87933263
324.275,-0.548828,-0.23840422,-0.19486549,-0.6151606,0.89268114
324.3,-0.526813,-0.22002011,-0.18944274,-0.6254369,0.9175904
324.325,-0.529312,-0.20269662,-0.18272324,-0.63559508,0.9358254
324.35,-0.528003,-0.17512045,-0.16786961,-0.65543897,0.93153481
324.375,-0.50099,-0.14271256,-0.14511762,-0.67610969,0.94440659
324.4,-0.471835,-0.10995113,-0.13910543,-0.70304068,0.98743167
324.425,-0.461482,-0.08060726,-0.13674771,-0.72335705,1.00578586
324.45,-0.46648,-0.04737444,-0.12625586,-0.73729502,0.99672795
324.475,-0.492184,-0.01543794,-0.11434938,-0.75430406,1.00161445
324.5,-0.514675,0.02144813,-0.09996729,-0.76446225,1.02700045
324.525,-0.507892,0.0621053,-0.08334537,-0.77934516,1.05119461
324.55,-0.489566,0.09946276,-0.05741046,-0.79765352,1.04130241
324.575,-0.47124,0.13823438,-0.03571945,-0.81052842,1.03784611
324.6,-0.463624,0.17240997,-0.02593491,-0.8251751,1.05572357
324.625,-0.484092,0.20729265,-0.02286988,-0.83627823,1.05703458
324.65,-0.516341,0.23911131,-0.02345931,-0.84076673,1.05369745
324.675,-0.541569,0.27010503,-0.01685769,-0.84537335,1.05262481
324.7,-0.561561,0.2976812,-0.01037396,-0.8515155,1.06645004
324.725,-0.576436,0.31194067,-0.00247561,-0.86037438,1.09088257
324.75,-0.587384,0.31665455,0.0117886,-0.86391793,1.08635361
324.775,-0.608328,0.31252991,0.013439,-0.85801201,1.06621167
324.8,-0.651049,0.31724378,0.01296746,-0.85316916,1.0603717
324.825,-0.701743,0.31747948,0.01791867,-0.85234233,1.04833422
324.85,-0.754222,0.29497072,0.01037396,-0.85234233,1.02294822
324.875,-0.804321,0.26491977,-0.00294715,-0.85375975,1.03129104
324.9,-0.833952,0.23510451,-0.01119917,-0.85423223,1.0695488
324.925,-0.848232,0.21365638,-0.01780078,-0.84690889,1.08230139
324.95,-0.848708,0.19421165,-0.02864629,-0.82576569,1.05667703
324.975,-0.847042,0.17111366,-0.04385358,-0.80344132,1.01472459
325,-0.855967,0.14966553,-0.07462181,-0.78253436,1.00375975
325.025,-0.848351,0.1317528,-0.11258109,-0.75749326,1.01877682
325.05,-0.832167,0.11737549,-0.1376908,-0.74024798,1.00685851
325.075,-0.829311,0.09415965,-0.16433303,-0.71733301,0.97563255
325.1,-0.822528,0.06835119,-0.19922727,-0.6870947,0.95012737
325.125,-0.818958,0.05326679,-0.24036947,-0.66063618,0.92891279
325.15,-0.822409,0.04796368,-0.28021493,-0.63193341,0.90078558
325.175,-0.818006,0.04984923,-0.31180836,-0.60334876,0.88910564
325.2,-0.81753,0.04890645,-0.33114166,-0.57594529,0.89983212
325.225,-0.814674,0.04984923,-0.34069042,-0.55373903,0.87945182
325.25,-0.800394,0.05633081,-0.36297087,-0.53129654,0.84357771
325.275,-0.784448,0.06764411,-0.38984887,-0.51027146,0.82736882
325.3,-0.764932,0.08708884,-0.41543012,-0.49562478,0.8282031
325.325,-0.757197,0.10641573,-0.43735691,-0.4867659,0.81807254
325.35,-0.757673,0.12515338,-0.44431218,-0.48818332,0.77349807
325.375,-0.747558,0.14106271,-0.45916581,-0.49775091,0.73988845
325.4,-0.744107,0.16038959,-0.48828364,-0.51346066,0.74954228
325.425,-0.757197,0.18242696,-0.53532014,-0.52834358,0.77135278
325.45,-0.784805,0.19385811,-0.59544198,-0.54535263,0.75967284
325.475,-0.823242,0.21459916,-0.62727119,-0.56614146,0.72677831
325.5,-0.860013,0.24170394,-0.62809639,-0.58917455,0.70186905
325.525,-0.894642,0.25289939,-0.63281183,-0.61740485,0.68244221
325.55,-0.924868,0.26656963,-0.66770607,-0.64209159,0.66516067
325.575,-0.942956,0.27906139,-0.71603932,-0.66252607,0.63524572
325.6,-0.957236,0.28589651,-0.7489295,-0.68485045,0.60139773
325.625,-0.958069,0.29838828,-0.76001078,-0.7031588,0.58244763
325.65,-0.943313,0.30121661,-0.75175876,-0.71296263,0.58268599
325.675,-0.94248,0.30227723,-0.76507988,-0.72607377,0.59770306
325.7,-0.957831,0.30050953,-0.80044566,-0.73918491,0.59567694
325.725,-0.997696,0.29555996,-0.82343343,-0.74780755,0.56862239
325.75,-1.060647,0.29662058,-0.822844,-0.75997375,0.54228293
325.775,-1.098727,0.3034557,-0.79879526,-0.76635214,0.54132947
325.8,-1.104082,0.32749646,-0.79431559,-0.77296677,0.58042151
325.825,-1.097061,0.3484732,-0.80504322,-0.78158941,0.61748745
325.85,-1.083852,0.36131851,-0.81011231,-0.78371554,0.60187446
325.875,-1.068739,0.36874287,-0.81247003,-0.78702286,0.56826484
325.9,-1.048866,0.36332191,-0.80810825,-0.78879464,0.56254405
325.925,-1.02578,0.35966866,-0.80563265,-0.79103888,0.59090962
325.95,-0.99841,0.35990435,-0.80197818,-0.79328313,0.62499598
325.975,-0.975562,0.35907942,-0.82001473,-0.7853692,0.62451925
326,-0.963305,0.34753043,-0.84983988,-0.78170753,0.59758387
326.025,-0.931056,0.32384321,-0.86433985,-0.7840699,0.56564281
326.05,-0.877506,0.29402795,-0.87094147,-0.7827706,0.54931473
326.075,-0.828121,0.26362345,-0.87919348,-0.78678662,0.55610817
326.1,-0.7735,0.22921217,-0.90394954,-0.78749533,0.54800372
326.125,-0.728756,0.18560882,-0.93188851,-0.7827706,0.52440547
326.15,-0.712334,0.14495165,-0.95982748,-0.78784969,0.50962677
326.175,-0.701267,0.101584,-0.9907136,-0.79245631,0.50390599
326.2,-0.694484,0.06375516,-1.02914442,-0.79222007,0.48328732
326.225,-0.690795,0.04006794,-1.07405897,-0.79375561,0.42464925
326.25,-0.673421,0.01355239,-1.10258738,-0.79741728,0.36553445
326.275,-0.646527,-0.01001698,-1.13583122,-0.8059218,0.33585787
326.3,-0.615587,-0.03676822,-1.16836774,-0.81419009,0.32846852
326.325,-0.579054,-0.06458009,-1.1955994,-0.82281273,0.33061381
326.35,-0.544782,-0.07412568,-1.23968875,-0.82895489,0.30856495
326.375,-0.530026,-0.08756023,-1.28849353,-0.83509705,0.2624411
326.4,-0.521101,-0.1149007,-1.34036336,-0.84100297,0.20845118
326.425,-0.505869,-0.13858792,-1.36900964,-0.83722318,0.14862128
326.45,-0.500514,-0.15426156,-1.3870462,-0.8399399,0.10714557
326.475,-0.490637,-0.15661849,-1.42441605,-0.84218415,0.08593099
326.5,-0.47957,-0.15661849,-1.45424119,-0.8386406,0.07639634
326.525,-0.480165,-0.1583862,-1.4701558,-0.84242039,0.08307059
326.55,-0.485163,-0.15980036,-1.47121677,-0.84478275,0.08199795
326.575,-0.499086,-0.16616409,-1.49738745,-0.84714512,0.06149846
326.6,-0.512414,-0.16486778,-1.5481963,-0.85068867,0.03265616
326.625,-0.525861,-0.16050744,-1.56882635,-0.85624024,0.01537462
326.65,-0.549304,-0.15025476,-1.56198896,-0.86592595,0.01966521
326.675,-0.569296,-0.12927802,-1.52155408,-0.86935138,0.01835419
326.7,-0.582505,-0.11784687,-1.46897694,-0.87549354,-0.00357549
326.725,-0.596785,-0.10665142,-1.43832659,-0.88045451,-0.04040306
326.75,-0.611779,-0.09038855,-1.42370873,-0.87679284,-0.07007964
326.775,-0.635698,-0.08779592,-1.40744047,-0.87761967,-0.08831465
326.8,-0.6664,-0.0960452,-1.36559095,-0.88080886,-0.10559619
326.825,-0.691509,-0.1111296,-1.31183495,-0.88907715,-0.11727613
326.85,-0.707455,-0.13599529,-1.25961147,-0.89817227,-0.12406957
326.875,-0.712453,-0.16298223,-1.21681887,-0.90065275,-0.14158948
326.9,-0.714833,-0.18596237,-1.1872295,-0.89758168,-0.18080071
326.925,-0.721616,-0.21365638,-1.16542059,-0.88943151,-0.21095402
326.95,-0.730422,-0.24759628,-1.14596941,-0.88187193,-0.21190748
326.975,-0.735182,-0.27800077,-1.11272557,-0.87608413,-0.20523323
327,-0.74018,-0.3107622,-1.0797175,-0.87383988,-0.21202667
327.025,-0.744464,-0.35024091,-1.0436444,-0.87313117,-0.243491
327.05,-0.730898,-0.38913037,-0.99672579,-0.87029633,-0.28198713
327.075,-0.711501,-0.42908046,-0.95334375,-0.86687089,-0.29450135
327.1,-0.70091,-0.46702716,-0.91491293,-0.85765766,-0.29473971
327.125,-0.690795,-0.49401409,-0.88049023,-0.84064861,-0.31285554
327.15,-0.67711,-0.52347581,-0.83027081,-0.827065,-0.34169784
327.175,-0.661759,-0.55446954,-0.78288066,-0.81832423,-0.3532586
327.2,-0.648788,-0.58239925,-0.75435225,-0.80745734,-0.33657297
327.225,-0.631176,-0.61504283,-0.73973439,-0.80544933,-0.32060244
327.25,-0.613445,-0.64226546,-0.74881161,-0.80249637,-0.33049463
327.275,-0.59857,-0.67160933,-0.74103114,-0.78454237,-0.35230513
327.3,-0.584409,-0.69317531,-0.72771003,-0.7782821,-0.37280462
327.325,-0.571795,-0.69824272,-0.73690513,-0.77025005,-0.38376946
327.35,-0.552993,-0.70778832,-0.74150268,-0.74993368,-0.39604532
327.375,-0.538118,-0.70967387,-0.73808399,-0.74591766,-0.41463787
327.4,-0.523838,-0.71108803,-0.73808399,-0.74320094,-0.41511461
327.425,-0.510034,-0.71768746,-0.73926285,-0.73575948,-0.40307712
327.45,-0.503489,-0.71379851,-0.71250274,-0.74213787,-0.40665261
327.475,-0.498134,-0.71214865,-0.67442557,-0.75607584,-0.42464925
327.5,-0.490161,-0.71297358,-0.6372915,-0.77308489,-0.4228615
327.525,-0.475286,-0.70825971,-0.58777939,-0.79292878,-0.39032453
327.55,-0.466242,-0.70660985,-0.52671447,-0.81135525,-0.37447318
327.575,-0.459459,-0.70731693,-0.4416008,-0.83013607,-0.40450731
327.6,-0.452914,-0.7029566,-0.36733265,-0.84903502,-0.41499542
327.625,-0.438872,-0.70189597,-0.30202383,-0.86439041,-0.365892
327.65,-0.410431,-0.70448861,-0.21561342,-0.8784465,-0.31273636
327.675,-0.380205,-0.70484215,-0.13509731,-0.88919527,-0.29021076
327.7,-0.336889,-0.70767047,-0.07120312,-0.89663673,-0.27817327
327.725,-0.303212,-0.71061664,-0.02086581,-0.90584996,-0.24873505
327.75,-0.283339,-0.70873109,0.03689831,-0.91742557,-0.18878597
327.775,-0.256445,-0.70566707,0.10656891,-0.93467085,-0.12442712
327.8,-0.232407,-0.71097018,0.16692652,-0.94955377,-0.09320115
327.825,-0.199444,-0.71580191,0.21219473,-0.95687711,-0.08295141
327.85,-0.166005,-0.7142699,0.24980035,-0.96349174,-0.06376294
327.875,-0.137564,-0.71721607,0.30214171,-0.96526352,-0.04648139
327.9,-0.10115,-0.71933731,0.34988553,-0.96585411,-0.0344439
327.925,-0.07021,-0.72499396,0.39232447,-0.96632658,-0.00131101
327.95,-0.04403,-0.73230047,0.44820242,-0.96455481,0.01799664
327.975,-0.016184,-0.73371463,0.48899096,-0.96396421,0.00011918
328,0.008211,-0.7331254,0.51881611,-0.95912136,-0.01311014
328.025,0.029988,-0.73371463,0.55312092,-0.95723147,-0.00393304
328.05,0.044982,-0.74031406,0.59178752,-0.95923948,0.03754266
328.075,0.05355,-0.7406676,0.6045192,-0.95108931,0.07603879
328.1,0.071876,-0.73889989,0.58636476,-0.94376597,0.09034076
328.125,0.092106,-0.73937128,0.58777939,-0.93856876,0.1153692
328.15,0.100793,-0.73465741,0.60852732,-0.92108724,0.1400401
328.175,0.112336,-0.73654296,0.62845005,-0.90584996,0.16471099
328.2,0.11424,-0.74102114,0.62679965,-0.89687297,0.19617532
328.225,0.112098,-0.73736788,0.60487286,-0.87880085,0.20273039
328.25,0.127925,-0.73383248,0.60086473,-0.86226428,0.19832062
328.275,0.134589,-0.72652597,0.60923464,-0.85257857,0.20880873
328.3,0.136136,-0.71108803,0.61017772,-0.8386406,0.24241835
328.325,0.137921,-0.70507784,0.60334034,-0.82564757,0.29009157
328.35,0.130067,-0.70519569,0.60121839,-0.81135525,0.29104504
328.375,0.121737,-0.70331014,0.60522651,-0.79222007,0.27078392
328.4,0.108171,-0.70625631,0.59992165,-0.77721903,0.28973402
328.425,0.099841,-0.71250219,0.57775909,-0.77521102,0.33955254
328.45,0.093177,-0.71309143,0.55182418,-0.77603785,0.40653343
328.475,0.076874,-0.71874808,0.54734451,-0.76245423,0.43454144
328.5,0.068663,-0.73654296,0.54251118,-0.753241,0.40140855
328.525,0.054383,-0.74608855,0.53932826,-0.74320094,0.38734495
328.55,0.025347,-0.75634123,0.55182418,-0.72548318,0.44431446
328.575,0.000238,-0.77248625,0.5448689,-0.72276645,0.52130671
328.6,-0.024157,-0.78120692,0.5340234,-0.72170339,0.55050656
328.625,-0.048909,-0.7894562,0.52553561,-0.71768736,0.55253268
328.65,-0.072114,-0.79157744,0.5155153,-0.71426193,0.57398563
328.675,-0.098056,-0.78969189,0.51669416,-0.70587552,0.60485404
328.7,-0.127449,-0.79334515,0.50632019,-0.70150514,0.62809474
328.725,-0.164696,-0.79087036,0.48958039,-0.69642605,0.62869065
328.75,-0.206941,-0.77767151,0.48014951,-0.68863024,0.62392333
328.775,-0.239904,-0.76447266,0.48262512,-0.68437798,0.63417307
328.8,-0.272748,-0.75445568,0.48580804,-0.68225184,0.62118212
328.825,-0.3094,-0.74172822,0.47012921,-0.68213373,0.57875295
328.85,-0.340102,-0.73512879,0.46211296,-0.68118878,0.54800372
328.875,-0.379967,-0.73842851,0.47071864,-0.68154313,0.55181758
328.9,-0.41888,-0.73807496,0.47673082,-0.6826062,0.55265186
328.925,-0.445179,-0.72640812,0.47236904,-0.69134696,0.53882662
328.95,-0.472073,-0.71155942,0.46529588,-0.70504869,0.53680051
328.975,-0.497539,-0.7009532,0.45621866,-0.71438005,0.52500139
329,-0.524909,-0.69765349,0.43782845,-0.72536506,0.51725449
329.025,-0.559181,-0.70059966,0.42368214,-0.73186157,0.51987652
329.05,-0.592025,-0.69836057,0.40446673,-0.74839814,0.51499001
329.075,-0.617848,-0.69906765,0.39090984,-0.76942322,0.50795821
329.1,-0.63189,-0.70519569,0.38890578,-0.78017199,0.49353706
329.125,-0.634032,-0.70448861,0.36132047,-0.79741728,0.48161875
329.15,-0.640696,-0.70319229,0.33043434,-0.80958347,0.47458695
329.175,-0.658189,-0.70837755,0.31239779,-0.82033225,0.46481394
329.2,-0.672945,-0.71002741,0.30273114,-0.83592387,0.46219192
329.225,-0.688058,-0.71273789,0.29695473,-0.8457277,0.4630262
329.25,-0.702814,-0.72039793,0.28304419,-0.85765766,0.46362211
329.275,-0.703766,-0.7293543,0.2670117,-0.86958762,0.47148819
329.3,-0.704361,-0.74655994,0.23718655,-0.87832838,0.48888892
329.325,-0.710192,-0.76188003,0.2081866,-0.88990398,0.4834065
329.35,-0.721973,-0.7821497,0.18036552,-0.90195206,0.44276508
329.375,-0.739704,-0.80100519,0.14499973,-0.91518132,0.41928601
329.4,-0.75684,-0.80748677,0.11706076,-0.93455273,0.42977412
329.425,-0.780759,-0.82598873,0.08747138,-0.95227049,0.43954713
329.45,-0.80563,-0.8477904,0.0545812,-0.96337362,0.41499542
329.475,-0.827645,-0.86452466,0.01697558,-0.97364992,0.36636873
329.5,-0.842639,-0.88538356,-0.01025608,-0.9799102,0.33335503
329.525,-0.853825,-0.90588891,-0.0277032,-0.98345375,0.31905306
329.55,-0.867629,-0.92733704,-0.05010153,-0.98557988,0.30427436
329.575,-0.870961,-0.94807809,-0.07143889,-0.98298128,0.28127203
329.6,-0.87822,-0.96964407,-0.11717864,-0.98687918,0.25815051
329.625,-0.89488,-1.00016641,-0.18001186,-0.98983214,0.24790077
329.65,-0.902734,-1.03599186,-0.24284508,-0.98345375,0.23693593
329.675,-0.909041,-1.07111023,-0.30296692,-0.97565793,0.21333768
329.7,-0.917728,-1.10434305,-0.34552375,-0.96987013,0.1843762
329.725,-0.917966,-1.13946141,-0.40175535,-0.9722325,0.17293462
329.75,-0.91392,-1.17575825,-0.47095441,-0.96975202,0.18378028
329.775,-0.918323,-1.20262734,-0.53944615,-0.96360986,0.17746358
329.8,-0.920941,-1.22655025,-0.60487286,-0.96668094,0.14802536
329.825,-0.910826,-1.25459781,-0.6414175,-0.9696339,0.11930225
329.85,-0.907375,-1.2792278,-0.66994591,-0.97164191,0.09677665
329.875,-0.917966,-1.30303287,-0.70660844,-0.97636665,0.08187876
329.9,-0.929271,-1.32342038,-0.75105145,-0.98428058,0.05863807
329.925,-0.938672,-1.34204019,-0.78016928,-0.99184015,0.0140636
329.95,-0.942837,-1.3735053,-0.77344978,-0.99999032,-0.02121459
329.975,-0.940814,-1.40874152,-0.77144572,-1.01144781,-0.04314427
330,-0.946645,-1.43372506,-0.78288066,-1.023614,-0.07091392
330.025,-0.955332,-1.45764797,-0.80162452,-1.03424466,-0.09308197
330.05,-0.962829,-1.48416352,-0.82001473,-1.041568,-0.10082887
330.075,-0.974848,-1.50973629,-0.82767732,-1.04322166,-0.10714557
330.1,-0.969374,-1.53236289,-0.83970169,-1.04180424,-0.11322391
330.125,-0.953428,-1.54685805,-0.85231549,-1.03885128,-0.11072106
330.15,-0.944146,-1.56335662,-0.86174636,-1.03400842,-0.09844521
330.175,-0.938077,-1.57478776,-0.86257156,-1.02444083,-0.09284361
330.2,-0.938077,-1.58374412,-0.85903498,-1.00554189,-0.10428518
330.225,-0.93177,-1.60578149,-0.85585206,-0.98557988,-0.11620349
330.25,-0.917966,-1.61391292,-0.8379334,-0.95923948,-0.13408094
330.275,-0.907851,-1.61320584,-0.80386436,-0.93136354,-0.1632808
330.3,-0.894642,-1.61391292,-0.76802702,-0.90915728,-0.17507992
330.325,-0.875364,-1.60837412,-0.75659209,-0.8778559,-0.15148167
330.35,-0.863107,-1.60212824,-0.77144572,-0.85068867,-0.12275855
330.375,-0.857395,-1.58951862,-0.78347008,-0.82800994,-0.13753725
330.4,-0.843234,-1.5846869,-0.78299854,-0.79848034,-0.17269626
330.425,-0.829311,-1.58456905,-0.78288066,-0.78158941,-0.1751991
330.45,-0.815626,-1.57785178,-0.80280338,-0.76505284,-0.14552252
330.475,-0.789922,-1.56842403,-0.83380739,-0.74237411,-0.10619211
330.5,-0.768978,-1.55216116,-0.85785613,-0.73032603,-0.07294003
330.525,-0.754698,-1.53212719,-0.88166909,-0.71815984,-0.0380194
330.55,-0.74137,-1.50950059,-0.90442108,-0.71071838,-0.01513625
330.575,-0.740775,-1.49017371,-0.9285877,-0.70386751,-0.02228723
330.6,-0.743393,-1.4680185,-0.92953079,-0.69618981,-0.02943822
330.625,-0.735301,-1.43867462,-0.89758369,-0.69512675,-0.00691262
330.65,-0.719831,-1.40968429,-0.86422197,-0.68555916,0.04016469
330.675,-0.707812,-1.373741,-0.83533991,-0.68225184,0.0738935
330.7,-0.697102,-1.32730933,-0.79808794,-0.67776335,0.06197519
330.725,-0.69139,-1.27144991,-0.73242546,-0.66406161,0.03670838
330.75,-0.680323,-1.20651628,-0.66558413,-0.65815569,0.05792297
330.775,-0.656047,-1.13498323,-0.62066958,-0.64681633,0.10464273
330.8,-0.644147,-1.06403941,-0.57434039,-0.64043793,0.11560757
330.825,-0.627963,-0.99568823,-0.52353154,-0.64220971,0.11012515
330.85,-0.605472,-0.93110814,-0.47390156,-0.64350901,0.12728751
330.875,-0.576436,-0.86994562,-0.44277966,-0.64835186,0.16339998
330.9,-0.53312,-0.80383352,-0.40812119,-0.650478,0.21536379
330.925,-0.502894,-0.73713219,-0.34823512,-0.65236789,0.24813914
330.95,-0.472906,-0.67938722,-0.29872302,-0.6498874,0.24086897
330.975,-0.447678,-0.62246718,-0.26064586,-0.65106859,0.23419472
331,-0.4284,-0.55505877,-0.2216256,-0.65851005,0.24921178
331.025,-0.407099,-0.48753251,-0.16445091,-0.65874628,0.27435941
331.05,-0.394842,-0.42978755,-0.09324779,-0.66559715,0.29176014
331.075,-0.367591,-0.37522444,-0.04067066,-0.67410167,0.32191345
331.1,-0.341649,-0.32466813,0.01049185,-0.67516474,0.37208952
331.125,-0.324989,-0.28212541,0.05882509,-0.68095254,0.39163554
331.15,-0.307258,-0.22720877,0.10762988,-0.6896933,0.40140855
331.175,-0.301308,-0.16545701,0.17470699,-0.69831595,0.44443364
331.2,-0.298214,-0.11737549,0.25722716,-0.70481246,0.49580154
331.225,-0.299166,-0.07388999,0.3484709,-0.71237203,0.53656215
331.25,-0.295953,-0.03735746,0.41425126,-0.71898666,0.56886076
331.275,-0.292026,-0.00848497,0.43181627,-0.72170339,0.59210145
331.3,-0.293216,0.01567363,0.41354394,-0.72312081,0.60056345
331.325,-0.28798,0.04112856,0.42214962,-0.71532499,0.60950218
331.35,-0.286195,0.0714152,0.45492192,-0.70847413,0.62547271
331.375,-0.288218,0.09545597,0.44560893,-0.7108365,0.64156242
331.4,-0.291193,0.11454716,0.40776753,-0.71119085,0.66087008
331.425,-0.290479,0.12904233,0.38584074,-0.70965531,0.6607509
331.45,-0.284529,0.13717376,0.40576347,-0.70398563,0.65407665
331.475,-0.282387,0.13858792,0.41766995,-0.69630793,0.67386103
331.5,-0.285719,0.13941285,0.4004586,-0.69063825,0.69364542
331.525,-0.290003,0.13340266,0.39090984,-0.68095254,0.70318007
331.55,-0.289646,0.11855395,0.39338545,-0.679417,0.70902004
331.575,-0.287504,0.10346955,0.41625532,-0.68024383,0.70592128
331.6,-0.283696,0.08614606,0.41778784,-0.66677833,0.71342981
331.625,-0.272629,0.07848602,0.39032041,-0.65236789,0.71712449
331.65,-0.268107,0.06139822,0.37452369,-0.63819368,0.68399159
331.675,-0.280364,0.02922602,0.37900336,-0.61610554,0.65062034
331.7,-0.291907,-0.00506742,0.39279602,-0.59413552,0.64787913
331.725,-0.294882,-0.05008492,0.36803996,-0.57287421,0.65598357
331.75,-0.294882,-0.0887387,0.32135712,-0.54736064,0.64120487
331.775,-0.29631,-0.11372223,0.2879954,-0.529761,0.59114799
331.8,-0.305116,-0.13128142,0.25982065,-0.51204324,0.56123304
331.825,-0.308924,-0.14483381,0.24319873,-0.48062375,0.57672684
331.85,-0.312732,-0.15614711,0.24284508,-0.45640947,0.5727938
331.875,-0.332843,-0.1659284,0.24532068,-0.4353844,0.52786178
331.9,-0.351526,-0.17264567,0.20983701,-0.40951647,0.47863918
331.925,-0.363069,-0.18266265,0.15572735,-0.38731021,0.45742459
331.95,-0.37604,-0.21141729,0.1460607,-0.3615604,0.45170381
331.975,-0.389368,-0.23899346,0.17435333,-0.33581059,0.40260038
332,-0.399007,-0.26256283,0.19580858,-0.31443116,0.33240156
332.025,-0.400197,-0.29497072,0.1704631,-0.29387856,0.30308253
332.05,-0.40579,-0.32761431,0.11187378,-0.26895558,0.29152177
332.075,-0.413406,-0.36202559,0.07615433,-0.24226083,0.28341732
332.1,-0.411264,-0.38842329,0.05234137,-0.21721973,0.27459778
332.125,-0.404005,-0.41364252,0.01296746,-0.18013055,0.24039224
332.15,-0.396508,-0.45323907,-0.02876417,-0.14375009,0.20165774
332.175,-0.390082,-0.49589964,-0.0755649,-0.11575603,0.17126606
332.2,-0.3808,-0.54268485,-0.12389814,-0.08528148,0.16423426
332.225,-0.370566,-0.59064853,-0.16115011,-0.0526808,0.18783251
332.25,-0.357,-0.63649096,-0.20323539,-0.0160641,0.20308794
332.275,-0.342839,-0.6896399,-0.27160925,0.0160641,0.18652149
332.3,-0.344624,-0.73760358,-0.34316603,0.03945154,0.1533886
332.325,-0.35462,-0.77861429,-0.38395457,0.05964979,0.16339998
332.35,-0.358785,-0.82257117,-0.38242205,0.08161981,0.21166912
332.375,-0.370209,-0.86157849,-0.37582044,0.1046529,0.21500624
332.4,-0.382347,-0.89905379,-0.41071468,0.12603233,0.1773444
332.425,-0.384727,-0.93004752,-0.42250328,0.14741176,0.13837154
332.45,-0.384608,-0.94843163,-0.39338545,0.16560199,0.12847934
332.475,-0.382704,-0.96693359,-0.39857243,0.17481522,0.13729889
332.5,-0.392938,-0.98472847,-0.45114957,0.17245286,0.11215126
332.525,-0.406623,-0.996631,-0.50808848,0.16453892,0.06817271
332.55,-0.415548,-1.00806215,-0.50608442,0.15272708,0.04230999
332.575,-0.427805,-1.03280999,-0.47083652,0.13784417,0.03396717
332.6,-0.439705,-1.06415726,-0.48981616,0.1252055,0.01191831
332.625,-0.444941,-1.08313061,-0.55512498,0.10607032,-0.04385937
332.65,-0.444227,-1.10611075,-0.58058835,0.08362782,-0.10774149
332.675,-0.4522,-1.14111127,-0.53201933,0.06106721,-0.1371797
332.7,-0.458388,-1.1738727,-0.46788937,0.03732541,-0.14301967
332.725,-0.454461,-1.19626361,-0.41495858,0.02291497,-0.16137387
332.75,-0.442799,-1.20545566,-0.38088953,0.00283484,-0.18830924
332.775,-0.428281,-1.20651628,-0.38737326,-0.02586793,-0.21500624
332.8,-0.419713,-1.20887322,-0.39515374,-0.05445258,-0.23848531
332.825,-0.407694,-1.21205509,-0.34552375,-0.09662085,-0.26577823
332.85,-0.39984,-1.20993384,-0.25545887,-0.14174207,-0.30057968
332.875,-0.394604,-1.21559049,-0.19203623,-0.18426469,-0.31154452
332.9,-0.376992,-1.22749303,-0.14405664,-0.22820474,-0.29891112
332.925,-0.35938,-1.23527092,-0.09713803,-0.27001865,-0.30344008
332.95,-0.351526,-1.24304881,-0.05175194,-0.31502176,-0.34777618
332.975,-0.341649,-1.25011963,0.01567883,-0.36191476,-0.40379221
333,-0.32963,-1.26143293,0.04962999,-0.40290184,-0.42095458
333.025,-0.323085,-1.26602896,0.03866659,-0.4353844,-0.40546078
333.05,-0.310828,-1.26272924,0.03230075,-0.46692201,-0.40307712
333.075,-0.291907,-1.26838589,0.05175194,-0.50212129,-0.43334961
333.1,-0.280364,-1.27663517,0.1049185,-0.54015542,-0.46838943
333.125,-0.278341,-1.28783063,0.15537369,-0.57878013,-0.4904383
333.15,-0.277151,-1.29101249,0.19722321,-0.61811356,-0.50116478
333.175,-0.273343,-1.28512015,0.24308085,-0.65614768,-0.4763747
333.2,-0.271796,-1.28783063,0.26854422,-0.68697658,-0.43597164
333.225,-0.268583,-1.28865555,0.27950761,-0.7205222,-0.42953576
333.25,-0.26418,-1.28476661,0.30909699,-0.75394971,-0.43108514
333.275,-0.267988,-1.26626465,0.33373515,-0.78052635,-0.42143131
333.3,-0.263228,-1.23232475,0.32642622,-0.81076466,-0.41046647
333.325,-0.254184,-1.20192026,0.34528797,-0.83297091,-0.39962081
333.35,-0.258944,-1.17057299,0.40151958,-0.84714512,-0.38353109
333.375,-0.261919,-1.14358605,0.45409671,-0.85647648,-0.35087494
333.4,-0.269654,-1.11518496,0.49182022,-0.85848449,-0.33109055
333.425,-0.281435,-1.07476348,0.49064136,-0.87065068,-0.32715751
333.45,-0.283934,-1.03705248,0.47401944,-0.88458865,-0.31750368
333.475,-0.293454,-1.00169842,0.47166172,-0.89640049,-0.322271
333.5,-0.30583,-0.97530072,0.47413733,-0.91411825,-0.33216319
333.525,-0.299999,-0.95903785,0.4760235,-0.92805622,-0.32560813
333.55,-0.28679,-0.94454269,0.4676536,-0.93703322,-0.31368982
333.575,-0.276199,-0.9309903,0.4684788,-0.94352973,-0.30069887
333.6,-0.260848,-0.91060279,0.48804787,-0.94754576,-0.28043775
333.625,-0.252875,-0.89151159,0.51987708,-0.94742764,-0.24956933
333.65,-0.242522,-0.86959207,0.54581199,-0.94577398,-0.21619807
333.675,-0.223839,-0.84496208,0.53956404,-0.94872694,-0.1984398
333.7,-0.213367,-0.82869921,0.49865761,-0.94612834,-0.2061867
333.725,-0.194565,-0.82233548,0.44973493,-0.93455273,-0.20249202
333.75,-0.176001,-0.82952414,0.4315805,-0.92900117,-0.18735577
333.775,-0.165291,-0.83305954,0.4265114,-0.92380396,-0.18687904
333.8,-0.143514,-0.8367128,0.40847485,-0.90821233,-0.16923995
333.825,-0.120547,-0.84284083,0.3920887,-0.88990398,-0.11572675
333.85,-0.096152,-0.83282385,0.39515374,-0.87088692,-0.04874587
333.875,-0.076279,-0.81679668,0.39444642,-0.84809007,-0.00619752
333.9,-0.063665,-0.80571907,0.3694546,-0.81643434,0.00452896
333.925,-0.038199,-0.7932273,0.34740992,-0.78300683,0.0218105
333.95,-0.013685,-0.78144261,0.33868636,-0.74780755,0.06555068
333.975,0.007259,-0.77708228,0.33904002,-0.70528493,0.11620349
334,0.041769,-0.77295764,0.33927579,-0.67008565,0.15458043
334.025,0.069734,-0.75763755,0.33137743,-0.63240588,0.18521048
334.05,0.084014,-0.71957301,0.33267418,-0.59000138,0.22322988
334.075,0.095438,-0.68233339,0.35542617,-0.55834565,0.26756597
334.1,0.106148,-0.65287168,0.384544,-0.53046971,0.30510864
334.125,0.128163,-0.61174312,0.39703991,-0.51062582,0.33299748
334.15,0.149345,-0.57874599,0.38760903,-0.4957429,0.36779893
334.175,0.170408,-0.54940212,0.37405215,-0.4694025,0.39485349
334.2,0.210273,-0.51015911,0.36297087,-0.44199903,0.39521103
334.225,0.245973,-0.47857615,0.35212536,-0.42050148,0.40796362
334.25,0.273819,-0.45866003,0.36462127,-0.39309802,0.4594507
334.275,0.30226,-0.44522549,0.38808058,-0.36368654,0.51606266
334.3,0.320943,-0.43567989,0.37923913,-0.34207087,0.55837265
334.325,0.337484,-0.42271673,0.33408881,-0.33226704,0.58554638
334.35,0.354858,-0.40940004,0.29164986,-0.32825102,0.60211283
334.375,0.375564,-0.40079721,0.27243445,-0.3223451,0.62213558
334.4,0.404243,-0.38842329,0.25498733,-0.31608482,0.63584164
334.425,0.421974,-0.36567885,0.23765809,-0.30663535,0.63929795
334.45,0.42959,-0.34611627,0.21915,-0.29895766,0.64001304
334.475,0.440895,-0.33079617,0.2040606,-0.29293362,0.64370772
334.5,0.445298,-0.30486986,0.20087767,-0.27686952,0.66015498
334.525,0.453033,-0.28507159,0.19321509,-0.26316778,0.68852055
334.55,0.465766,-0.2750546,0.16350783,-0.25915176,0.69245359
334.575,0.463386,-0.25784896,0.12460546,-0.25501761,0.66718678
334.6,0.46886,-0.24571073,0.09501608,-0.25111971,0.65431501
334.625,0.482783,-0.24323595,0.05847144,-0.23848104,0.65503011
334.65,0.49028,-0.24618212,0.02699588,-0.21958209,0.64883259
334.675,0.506464,-0.25914527,0.00825202,-0.20658907,0.63321961
334.7,0.506345,-0.27316905,-0.00648373,-0.18851696,0.59603449
334.725,0.484211,-0.29673843,-0.01155282,-0.16820059,0.55408206
334.75,0.470288,-0.32478598,-0.0277032,-0.14800235,0.54514333
334.775,0.451486,-0.33963469,-0.06035761,-0.12981212,0.55968366
334.8,0.427686,-0.35731172,-0.09560551,-0.12827658,0.54991065
334.825,0.412454,-0.37758138,-0.12189408,-0.13052083,0.4981852
334.85,0.388178,-0.403272,-0.14205258,-0.12685916,0.43823612
334.875,0.356524,-0.44133654,-0.18083706,-0.12449679,0.40271957
334.9,0.330463,-0.47704414,-0.22940608,-0.12260689,0.40736771
334.925,0.302379,-0.50827356,-0.28363362,-0.12532362,0.43048922
334.95,0.268583,-0.53785313,-0.33373515,-0.14186019,0.44371854
334.975,0.230979,-0.57379642,-0.35589771,-0.16300338,0.4482475
335,0.190043,-0.61633915,-0.38395457,-0.17835878,0.42381497
335.025,0.145537,-0.65240029,-0.4307553,-0.1913518,0.35147085
335.05,0.099365,-0.68940421,-0.48014951,-0.20517165,0.27865
335.075,0.053312,-0.71910162,-0.52848276,-0.22430683,0.25552849
335.1,-0.000357,-0.74302453,-0.56514529,-0.24296954,0.26553986
335.125,-0.044268,-0.7726041,-0.6053444,-0.26210472,0.24730485
335.15,-0.080087,-0.79711625,-0.66617356,-0.28643711,0.19200391
335.175,-0.133875,-0.82280687,-0.72771003,-0.31667541,0.14111275
335.2,-0.178738,-0.84649409,-0.75435225,-0.35518201,0.10941005
335.225,-0.202181,-0.87359887,-0.75588477,-0.38683774,0.08068693
335.25,-0.236929,-0.89563623,-0.76708394,-0.41979277,0.02347906
335.275,-0.28798,-0.90824585,-0.79219365,-0.4630241,-0.05267891
335.3,-0.333557,-0.93570417,-0.82119359,-0.49857774,-0.11632267
335.325,-0.376873,-0.96575512,-0.82154725,-0.53200525,-0.1737689
335.35,-0.420903,-0.99368483,-0.81152694,-0.56342474,-0.235029
335.375,-0.449463,-1.01666497,-0.82920984,-0.58586723,-0.29962622
335.4,-0.485044,-1.04247344,-0.86492928,-0.60724666,-0.36744138
335.425,-0.526456,-1.07052099,-0.89381134,-0.62838986,-0.44276508
335.45,-0.555968,-1.08784448,-0.89357557,-0.65354907,-0.52857688
335.475,-0.590597,-1.11436003,-0.88485201,-0.67988948,-0.59817979
335.5,-0.618443,-1.13745802,-0.87105935,-0.70138702,-0.64680648
335.525,-0.644385,-1.15195318,-0.84583176,-0.72288457,-0.69710173
335.55,-0.670208,-1.16550557,-0.83251064,-0.74261034,-0.74322558
335.575,-0.684369,-1.17222284,-0.822844,-0.77036817,-0.75669326
335.6,-0.709121,-1.17670103,-0.80563265,-0.80828417,-0.76169895
335.625,-0.731493,-1.17446193,-0.76095387,-0.84017614,-0.79673877
335.65,-0.756245,-1.16550557,-0.67619386,-0.86427229,-0.85394664
335.675,-0.793849,-1.14228974,-0.59155174,-0.88848656,-0.91318062
335.7,-0.819434,-1.10669998,-0.55111686,-0.91470884,-0.93975845
335.725,-0.834428,-1.08371984,-0.55536075,-0.94093113,-0.95227267
335.75,-0.837879,-1.08371984,-0.55382824,-0.96549975,-0.99589367
335.775,-0.835618,-1.096683,-0.51539741,-0.99054085,-1.0491685
335.8,-0.832167,-1.1024575,-0.45374306,-1.01404641,-1.08396995
335.825,-0.833238,-1.09892209,-0.4122472,-1.03223665,-1.09088257
335.85,-0.843591,-1.09314759,-0.39197081,-1.04688333,-1.06227863
335.875,-0.845971,-1.08065582,-0.35212536,-1.05952199,-1.03319797
335.9,-0.853706,-1.06215386,-0.31687746,-1.07357808,-1.04094487
335.925,-0.862512,-1.03163152,-0.29223929,-1.0800746,-1.07526959
335.95,-0.855729,-0.98331431,-0.26712958,-1.08350003,-1.09267031
335.975,-0.849184,-0.93806111,-0.23565403,-1.09814671,-1.06990635
336,-0.845852,-0.90223566,-0.18661347,-1.11161221,-1.03379388
336.025,-0.835023,-0.84790825,-0.14629648,-1.11940802,-1.02998002
336.05,-0.808724,-0.77955706,-0.10704045,-1.12732195,-1.05298235
336.075,-0.773857,-0.71203081,-0.06071127,-1.1295662,-1.0533399
336.1,-0.739228,-0.63873005,-0.02322353,-1.12637701,-1.02425924
336.125,-0.707574,-0.56083327,0.00943088,-1.12732195,-1.00328302
336.15,-0.675325,-0.46926625,0.04668284,-1.13027491,-1.00626259
336.175,-0.633318,-0.37192473,0.09784535,-1.12921185,-1.00840789
336.2,-0.584528,-0.28000417,0.15431272,-1.12767631,-0.98421373
336.225,-0.5474,-0.18961562,0.20193865,-1.11680942,-0.95394123
336.25,-0.518721,-0.0998163,0.23376786,-1.08763417,-0.93570622
336.275,-0.486472,-0.00530311,0.25121498,-1.05267113,-0.90293088
336.3,-0.463624,0.08355343,0.263593,-1.01487324,-0.8422667
336.325,-0.438634,0.16180376,0.28339785,-0.97707536,-0.76884993
336.35,-0.40698,0.23640083,0.29247506,-0.95593216,-0.73774316
336.375,-0.372232,0.30298431,0.28021493,-0.94022242,-0.75955366
336.4,-0.325346,0.35035875,0.29931245,-0.92687504,-0.77337889
336.425,-0.282506,0.38429865,0.32843028,-0.91529944,-0.75144921
336.45,-0.237762,0.41670654,0.31593437,-0.88340747,-0.70198824
336.475,-0.207655,0.4445184,0.28905637,-0.847027,-0.67016636
336.5,-0.206465,0.47044472,0.27738566,-0.81761552,-0.67052391
336.525,-0.209797,0.49519256,0.29754416,-0.78525108,-0.66015498
336.55,-0.216937,0.51286959,0.31947095,-0.75265041,-0.63703347
336.575,-0.211106,0.52288657,0.31510917,-0.71319886,-0.5854272
336.6,-0.18683,0.53596758,0.29990188,-0.6646522,-0.50867331
336.625,-0.165529,0.54810581,0.27019462,-0.61256199,-0.47577878
336.65,-0.1547,0.54692734,0.23541826,-0.55456586,-0.48853137
336.675,-0.145656,0.54209562,0.18838176,-0.49160876,-0.49866193
336.7,-0.131495,0.53255002,0.1309713,-0.42593493,-0.49174931
336.725,-0.123879,0.51899763,0.08959333,-0.35329212,-0.48233385
336.75,-0.114716,0.50921634,0.05894298,-0.28100366,-0.46600577
336.775,-0.095676,0.49802088,0.0360731,-0.21414865,-0.43656756
336.8,-0.075922,0.47657275,0.00518698,-0.13583615,-0.41189666
336.825,-0.053907,0.45111783,-0.03642676,-0.05445258,-0.40987055
336.85,-0.034391,0.42307027,-0.07108523,0.01381985,-0.41523379
336.875,-0.012614,0.37463521,-0.09513397,0.07760378,-0.40724852
336.9,0.022015,0.31158713,-0.1183575,0.13430061,-0.38853678
336.925,0.048076,0.239347,-0.1670444,0.18662706,-0.36183978
336.95,0.059262,0.15591141,-0.2116053,0.23600055,-0.34503497
336.975,0.065926,0.08037157,-0.23718655,0.27427091,-0.32131754
337,0.060095,0.01779488,-0.27880029,0.31313186,-0.2709031
337.025,0.0476,-0.04784583,-0.31888152,0.34537818,-0.25385992
337.05,0.040341,-0.11431147,-0.36155624,0.35813497,-0.27578961
337.075,0.042007,-0.17759524,-0.42156019,0.37195482,-0.27590879
337.1,0.049147,-0.24606427,-0.47484464,0.38175865,-0.24313345
337.125,0.051765,-0.31040866,-0.509621,0.37597085,-0.21131157
337.15,0.05236,-0.37098196,-0.53331608,0.36711197,-0.20666343
337.175,0.05355,-0.43014109,-0.54781605,0.35659943,-0.19021617
337.2,0.054026,-0.47056256,-0.55866156,0.34360641,-0.1541037
337.225,0.054502,-0.49212854,-0.58825094,0.32825102,-0.13074382
337.25,0.061404,-0.50662371,-0.61442162,0.30368239,-0.13539196
337.275,0.08211,-0.51558007,-0.63481589,0.27084548,-0.16923995
337.3,0.099008,-0.52866107,-0.67006379,0.23800856,-0.18830924
337.325,0.097342,-0.54787011,-0.69387676,0.20363611,-0.20106183
337.35,0.080325,-0.55564801,-0.70731576,0.16973613,-0.26649333
337.375,0.068068,-0.55623724,-0.71132388,0.1380804,-0.34813372
337.4,0.076636,-0.54940212,-0.71863281,0.1014637,-0.38901352
337.425,0.080087,-0.53467126,-0.73914496,0.05480693,-0.39449594
337.45,0.07378,-0.52972169,-0.75553111,-0.00165366,-0.40152774
337.475,0.058429,-0.52512567,-0.77627904,-0.06342958,-0.44645975
337.5,0.024038,-0.51522653,-0.79525868,-0.12685916,-0.51594348
337.525,-0.014042,-0.50556308,-0.81294157,-0.18131173,-0.56969504
337.55,-0.050694,-0.49778519,-0.81789279,-0.23222076,-0.59281655
337.575,-0.078897,-0.49495687,-0.81742124,-0.28690958,-0.62010947
337.6,-0.112812,-0.47928323,-0.83533991,-0.3365193,-0.68101202
337.625,-0.164934,-0.45312123,-0.83887649,-0.38766457,-0.74239129
337.65,-0.225148,-0.42896262,-0.81930742,-0.44081785,-0.75955366
337.675,-0.294287,-0.39549411,-0.7917221,-0.48723838,-0.74608597
337.7,-0.34748,-0.36391114,-0.77403921,-0.52928852,-0.74286803
337.725,-0.37961,-0.33621713,-0.75494168,-0.576654,-0.78362863
337.75,-0.41293,-0.30109876,-0.71273851,-0.62732679,-0.85454256
337.775,-0.448868,-0.26067728,-0.6876288,-0.6736292,-0.91675611
337.8,-0.487305,-0.20976743,-0.69753122,-0.71331698,-0.97432153
337.825,-0.531454,-0.17017088,-0.73148238,-0.73753125,-1.0414216
337.85,-0.572747,-0.14942983,-0.7648441,-0.75170546,-1.11579183
337.875,-0.602854,-0.13069218,-0.76602296,-0.77084064,-1.17252297
337.9,-0.63308,-0.1224429,-0.75116933,-0.79292878,-1.20196118
337.925,-0.658665,-0.11584348,-0.73749456,-0.81454445,-1.22591698
337.95,-0.681632,-0.101584,-0.72900677,-0.84277474,-1.2679886
337.975,-0.712691,-0.08166788,-0.72511654,-0.87821026,-1.34283556
338,-0.733992,-0.05138124,-0.73301489,-0.90620432,-1.44008894
338.025,-0.751366,-0.01744134,-0.74173846,-0.9253395,-1.51183714
338.05,-0.773024,0.01414162,-0.73607993,-0.93998618,-1.53495866
338.075,-0.798371,0.04631382,-0.728771,-0.95203426,-1.56356259
338.1,-0.830858,0.08178573,-0.71203119,-0.96585411,-1.63852874
338.125,-0.860013,0.12303214,-0.69812065,-0.97695724,-1.71695119
338.15,-0.895951,0.17005304,-0.68798246,-0.99313946,-1.76522033
338.175,-0.926058,0.2187238,-0.66994591,-1.00684119,-1.79048714
338.2,-0.926058,0.27564384,-0.65933617,-1.00613248,-1.82421595
338.225,-0.910707,0.33951684,-0.64071019,-1.00388823,-1.88166219
338.25,-0.891786,0.39407994,-0.61689722,-0.99810043,-1.93183826
338.275,-0.877982,0.44840735,-0.59049077,-0.98652483,-1.97951148
338.3,-0.864654,0.51157328,-0.55323881,-0.97483111,-2.03946056
338.325,-0.848232,0.57238226,-0.53826729,-0.96148373,-2.10143575
338.35,-0.833595,0.62482412,-0.53803152,-0.93986806,-2.14160045
338.375,-0.810866,0.67090225,-0.51516164,-0.91447261,-2.15482976
338.4,-0.775523,0.70625631,-0.46706417,-0.89651861,-2.18212269
338.425,-0.735063,0.73230047,-0.40741388,-0.88754161,-2.23837709
338.45,-0.69258,0.76376558,-0.36179201,-0.88328935,-2.31799138
338.475,-0.637483,0.7990018,-0.36132047,-0.87431235,-2.40535256
338.5,-0.591311,0.83199892,-0.38725538,-0.86214616,-2.45970004
338.525,-0.570486,0.85792523,-0.37912124,-0.84927125,-2.4979578
338.55,-0.544306,0.87678073,-0.34245871,-0.82399392,-2.55909871
338.575,-0.518483,0.89598977,-0.31593437,-0.7885584,-2.61928616
338.6,-0.500276,0.91154556,-0.3181742,-0.75832009,-2.65682882
338.625,-0.467908,0.92297671,-0.35353999,-0.73020791,-2.68876988
338.65,-0.439824,0.92627642,-0.39326756,-0.69878842,-2.71582444
338.675,-0.43078,0.9194413,-0.44042194,-0.66406161,-2.75205609
338.7,-0.419356,0.91225264,-0.49229177,-0.6254369,-2.78912202
338.725,-0.38913,0.90412121,-0.5448689,-0.58149685,-2.7998485
338.75,-0.347837,0.88785834,-0.61017772,-0.52432755,-2.8075954
338.775,-0.303688,0.85780739,-0.66428738,-0.45806313,-2.80795295
338.8,-0.250257,0.81491113,-0.71592143,-0.39333425,-2.77291313
338.825,-0.2023,0.76954008,-0.75187665,-0.3326214,-2.71522852
338.85,-0.151725,0.7273509,-0.7572994,-0.26694757,-2.6893658
338.875,-0.089845,0.68539741,-0.76001078,-0.19666713,-2.72631255
338.9,-0.029393,0.65463938,-0.76425467,-0.12674104,-2.77267476
338.925,0.032368,0.63625527,-0.7841774,-0.05775989,-2.7407337
338.95,0.080563,0.6031403,-0.81730336,0.00685087,-2.6513464
338.975,0.126497,0.54810581,-0.84618542,0.06461076,-2.58889448
339,0.191471,0.48258294,-0.87341707,0.11386613,-2.56124401
339.025,0.261562,0.40668956,-0.91903894,0.17221662,-2.52262869
339.05,0.330701,0.32973555,-0.96866893,0.2337563,-2.44122666
339.075,0.397817,0.2657447,-0.99625424,0.28738205,-2.35362711
339.1,0.452319,0.21778102,-1.01818103,0.33994474,-2.29963719
339.125,0.497301,0.17688816,-1.02808345,0.37750639,-2.23539752
339.15,0.547162,0.12185367,-1.06580696,0.40727222,-2.12753684
339.175,0.595119,0.05963052,-1.13276618,0.43526628,-2.00835378
339.2,0.639744,-0.00282832,-1.16471328,0.46337846,-1.92373381
339.225,0.688653,-0.06634779,-1.17508724,0.48145057,-1.86783695
339.25,0.740061,-0.11902534,-1.16848563,0.47625336,-1.78774593
339.275,0.781949,-0.16416069,-1.15775801,0.46278787,-1.67773997
339.3,0.80682,-0.20069322,-1.15575394,0.44034537,-1.55045246
339.325,0.832524,-0.2224949,-1.1359491,0.41081577,-1.42960083
339.35,0.854896,-0.22897647,-1.10942476,0.36911998,-1.35439632
339.375,0.87108,-0.22897647,-1.10765647,0.31974649,-1.32138261
339.4,0.893809,-0.23769714,-1.12109547,0.27509774,-1.27871507
339.425,0.910707,-0.25219231,-1.11744101,0.22395248,-1.20792034
339.45,0.917133,-0.2712835,-1.12203856,0.17398839,-1.13855579
339.475,0.909398,-0.29921321,-1.15504663,0.12579609,-1.09100175
339.5,0.899164,-0.33586359,-1.1964246,0.08043863,-1.07038308
339.525,0.891905,-0.37946693,-1.23933509,0.04382192,-1.05119461
339.55,0.875721,-0.42307027,-1.24228224,0.0012993,-1.02890738
339.575,0.850136,-0.46396314,-1.21104246,-0.05657871,-1.04237506
339.6,0.805392,-0.49283562,-1.19666037,-0.13087518,-1.08075201
339.625,0.755412,-0.51628715,-1.20408719,-0.20658907,-1.09946375
339.65,0.704361,-0.54751657,-1.2090384,-0.27722387,-1.1082833
339.675,0.650811,-0.57061456,-1.16589214,-0.34903985,-1.12413464
339.7,0.600474,-0.59170915,-1.10294103,-0.40951647,-1.15059328
339.725,0.549423,-0.6069114,-1.06085575,-0.46278787,-1.17419153
339.75,0.5117,-0.6046723,-1.02230704,-0.52326449,-1.19564448
339.775,0.478499,-0.61162527,-0.97668517,-0.58834772,-1.22520188
339.8,0.443394,-0.61716407,-0.93837224,-0.65791945,-1.24415199
339.825,0.409955,-0.62128871,-0.92846981,-0.72713683,-1.27907262
339.85,0.370447,-0.63825866,-0.92387226,-0.791157,-1.3341352
339.875,0.333438,-0.64556517,-0.9126731,-0.84738136,-1.36953257
339.9,0.302974,-0.6501612,-0.90336011,-0.88754161,-1.4129152
339.925,0.263347,-0.66265297,-0.90501051,-0.91707121,-1.46607085
339.95,0.215747,-0.68233339,-0.91326253,-0.94860882,-1.50706982
339.975,0.175287,-0.70507784,-0.90418531,-0.97530358,-1.55474305
340,0.136493,-0.71544837,-0.8882707,-0.99573806,-1.62529942
340.025,0.0952,-0.71992655,-0.8681122,-1.01711749,-1.73423274
340.05,0.047362,-0.72640812,-0.85679515,-1.04452096,-1.84161668
340.075,-0.00952,-0.73607157,-0.84771793,-1.08704358,-1.8963217
340.1,-0.05474,-0.75245228,-0.81376678,-1.1295662,-1.90657145
340.125,-0.089131,-0.76671175,-0.77899042,-1.16630102,-1.92409136
340.15,-0.126497,-0.77519673,-0.74845796,-1.2065794,-1.97116867
340.175,-0.159817,-0.78097123,-0.72558808,-1.23658147,-2.00728113
340.2,-0.193851,-0.7836817,-0.69859219,-1.25595288,-2.01395539
340.225,-0.231336,-0.78698142,-0.66299063,-1.27308005,-2.03219039
340.25,-0.261443,-0.78533156,-0.6381167,-1.2900891,-2.10679899
340.275,-0.285719,-0.78521371,-0.61064927,-1.31253159,-2.20011933
340.3,-0.309162,-0.79169529,-0.60546229,-1.33225737,-2.23122611
340.325,-0.322728,-0.80324429,-0.62986468,-1.34288802,-2.21954617
340.35,-0.334152,-0.82363179,-0.63505166,-1.34808523,-2.21191845
340.375,-0.341768,-0.84036605,-0.6112387,-1.33804517,-2.20893888
340.4,-0.32963,-0.85262213,-0.58683631,-1.32233542,-2.22121473
340.425,-0.320943,-0.85745385,-0.55783636,-1.31536644,-2.24004565
340.45,-0.311185,-0.84390146,-0.51197872,-1.30780686,-2.25828066
340.475,-0.292621,-0.82940629,-0.4810926,-1.30981487,-2.26197534
340.5,-0.27608,-0.8178573,-0.44725933,-1.31926434,-2.25708883
340.525,-0.254065,-0.7932273,-0.38725538,-1.3267058,-2.27544302
340.55,-0.23324,-0.75480922,-0.32901971,-1.33083995,-2.30833755
340.575,-0.201824,-0.70366368,-0.28481248,-1.32328037,-2.31918321
340.6,-0.168623,-0.64591871,-0.26418243,-1.31678386,-2.29224784
340.625,-0.147917,-0.59218054,-0.24791417,-1.31631138,-2.26841122
340.65,-0.132209,-0.54433471,-0.20630043,-1.31820128,-2.28450094
340.675,-0.121499,-0.49861012,-0.13945909,-1.31914622,-2.30774163
340.7,-0.099603,-0.45158922,-0.08322749,-1.31536644,-2.29427395
340.725,-0.07616,-0.40115076,-0.07179255,-1.31182288,-2.23063019
340.75,-0.05117,-0.36025789,-0.06613402,-1.30509014,-2.18033494
340.775,-0.0119,-0.3316211,-0.03289018,-1.29753056,-2.19201488
340.8,0.020587,-0.29921321,0.01791867,-1.28973474,-2.19404099
340.825,0.043435,-0.26433054,0.06189013,-1.28146646,-2.16555624
340.85,0.067711,-0.2260303,0.06943483,-1.27378876,-2.12670256
340.875,0.088774,-0.19845413,0.05422754,-1.26067762,-2.06782613
340.9,0.122927,-0.1958615,0.05340234,-1.25040132,-1.98868858
340.925,0.175287,-0.19715782,0.0755649,-1.24366857,-1.90871674
340.95,0.226338,-0.19091193,0.1099876,-1.23918007,-1.86485737
340.975,0.287742,-0.17394198,0.16197531,-1.23351039,-1.854846
341,0.355691,-0.14754428,0.22763779,-1.21721005,-1.82075964
341.025,0.414834,-0.11148314,0.28516614,-1.19488567,-1.7225528
341.05,0.471597,-0.07106166,0.33514978,-1.16700973,-1.59562284
341.075,0.537642,-0.04136425,0.37134077,-1.14090557,-1.49193357
341.1,0.614516,-0.01272746,0.40434884,-1.11102161,-1.42602534
341.125,0.686868,0.01649856,0.45185688,-1.0723969,-1.37501499
341.15,0.750057,0.04796368,0.49075925,-1.02869309,-1.29647335
341.175,0.813484,0.08107865,0.51681205,-0.97046073,-1.19981589
341.2,0.878934,0.09851999,0.54050712,-0.90915728,-1.10625718
341.225,0.939862,0.12397491,0.57221845,-0.85458658,-0.99589367
341.25,1.013404,0.17040658,0.61630779,-0.81111901,-0.87075145
341.275,1.099203,0.22320198,0.65662479,-0.76694273,-0.75097248
341.3,1.17453,0.28318604,0.70012471,-0.71697865,-0.64644893
341.325,1.239266,0.34611627,0.73207181,-0.67965324,-0.55277104
341.35,1.294482,0.40975358,0.73407587,-0.64469019,-0.47804326
341.375,1.343034,0.45877788,0.7346653,-0.61256199,-0.40188529
341.4,1.388016,0.48882883,0.75447014,-0.58905643,-0.30630047
341.425,1.438353,0.52559705,0.79419771,-0.55562893,-0.21119239
341.45,1.482621,0.57379642,0.82767732,-0.52031153,-0.11572675
341.475,1.504279,0.61940316,0.83970169,-0.50271189,-0.03134515
341.5,1.528912,0.65605354,0.8379334,-0.50353871,0.03158351
341.525,1.543668,0.68999344,0.84689273,-0.50909028,0.07746899
341.55,1.537004,0.72570104,0.85655938,-0.50554673,0.10726476
341.575,1.530816,0.75834463,0.82355131,-0.49042757,0.15887102
341.6,1.504874,0.77519673,0.76614085,-0.46385093,0.24682812
341.625,1.472744,0.76624037,0.70330763,-0.43656558,0.30403599
341.65,1.444184,0.74549932,0.65839308,-0.41329626,0.30498946
341.675,1.400987,0.72711521,0.64601506,-0.38825516,0.31130616
341.7,1.368143,0.7047243,0.63799881,-0.3615604,0.36434262
341.725,1.339821,0.68197985,0.61772243,-0.32978656,0.42596026
341.75,1.302812,0.66288866,0.58200298,-0.30155626,0.44955851
341.775,1.260091,0.64886488,0.56019408,-0.28159425,0.42739046
341.8,1.208921,0.63908359,0.55205995,-0.2619866,0.39163554
341.825,1.15192,0.61563206,0.53755997,-0.23611867,0.38174335
341.85,1.091825,0.59606948,0.50926734,-0.19950197,0.36851403
341.875,1.041845,0.5805137,0.46376336,-0.16134973,0.30129478
341.9,0.998648,0.56319021,0.43087318,-0.12756787,0.20237284
341.925,0.948668,0.55918341,0.40871062,-0.09721144,0.11811041
341.95,0.891667,0.54999136,0.36733265,-0.07240658,0.06149846
341.975,0.830382,0.54728088,0.30921487,-0.04724736,0.00727017
342,0.773619,0.55046274,0.26477186,-0.0115756,-0.06650415
342.025,0.72828,0.5370282,0.23105648,0.02362368,-0.11787205
342.05,0.686868,0.52642198,0.17977609,0.05964979,-0.13920582
342.075,0.645813,0.51546222,0.13002821,0.1091414,-0.17424564
342.1,0.617015,0.49601749,0.09171528,0.15130966,-0.26208355
342.125,0.596071,0.4824651,0.05410966,0.18674518,-0.4031963
342.15,0.580482,0.45924926,0.02758531,0.21887338,-0.52464384
342.175,0.565369,0.42519152,0.01096339,0.23659114,-0.583997
342.2,0.539784,0.40574678,0.01367477,0.24922981,-0.61081319
342.225,0.5236,0.39337286,0.02499182,0.24568626,-0.63643755
342.25,0.510986,0.38359157,0.02593491,0.22985839,-0.69829356
342.275,0.485163,0.37463521,0.02322353,0.21828279,-0.80102936
342.3,0.454699,0.36332191,0.0067195,0.20966015,-0.89089339
342.325,0.412335,0.34564488,-0.01756501,0.20528977,-0.95537143
342.35,0.368424,0.31582962,-0.02958938,0.20091939,-1.02485515
342.375,0.334152,0.29167101,-0.0218089,0.19040685,-1.09362378
342.4,0.302736,0.263977,-0.01013819,0.17599641,-1.12532647
342.425,0.277746,0.22379121,-0.01473574,0.16430269,-1.13307337
342.45,0.260372,0.18230911,-0.03560156,0.14540374,-1.15261939
342.475,0.247996,0.13434544,-0.06601614,0.12036264,-1.20088853
342.5,0.229551,0.08178573,-0.08381692,0.1046529,-1.24391362
342.525,0.221578,0.02557277,-0.08523155,0.09024245,-1.23414061
342.55,0.237048,-0.02722263,-0.06389419,0.073824,-1.22055374
342.575,0.245616,-0.06481578,-0.02546337,0.05492505,-1.25058787
342.6,0.242641,-0.09522027,0.00719104,0.02291497,-1.29635417
342.625,0.239428,-0.12150013,0.06412996,-0.01464668,-1.34498086
342.65,0.238714,-0.1337562,0.14110949,-0.05031844,-1.40707523
342.675,0.234073,-0.12857094,0.20783295,-0.08173793,-1.4705998
342.7,0.219198,-0.11596132,0.2627678,-0.11221247,-1.4967009
342.725,0.203371,-0.10311601,0.30096285,-0.15532569,-1.4741753
342.75,0.184569,-0.08426051,0.33514978,-0.20245493,-1.47489039
342.775,0.162792,-0.06493363,0.37228386,-0.24769427,-1.52792686
342.8,0.145537,-0.05385602,0.39727568,-0.28809076,-1.56558871
342.825,0.128877,-0.06069114,0.42262116,-0.30710782,-1.5480688
342.85,0.113407,-0.08155004,0.44773087,-0.32175451,-1.49252949
342.875,0.104125,-0.09899137,0.4383,-0.34573254,-1.45045787
342.9,0.096033,-0.1186718,0.40352364,-0.36782068,-1.47882344
342.925,0.08568,-0.14577658,0.37405215,-0.39664157,-1.53936843
342.95,0.076993,-0.17653462,0.35118227,-0.43136838,-1.54497004
342.975,0.071281,-0.21789887,0.32866605,-0.4617248,-1.49324459
343,0.063784,-0.27316905,0.30461732,-0.48924639,-1.44926604
343.025,0.057001,-0.33209249,0.27302388,-0.5194847,-1.4572513
343.05,0.055573,-0.39431564,0.22940608,-0.56070802,-1.49062256
343.075,0.04879,-0.4653773,0.18284112,-0.60264005,-1.49836946
343.1,0.037842,-0.53066447,0.15749564,-0.64079229,-1.45379499
343.125,0.019159,-0.58711312,0.14217047,-0.67847206,-1.3918198
343.15,-0.003094,-0.63330909,0.13828023,-0.7018595,-1.36989012
343.175,-0.00595,-0.66713115,0.1771826,-0.71296263,-1.38884022
343.2,-0.005593,-0.70389937,0.20370694,-0.71697865,-1.38919777
343.225,-0.005712,-0.73418602,0.18531673,-0.71567935,-1.34915226
343.25,0.005117,-0.75492707,0.16280051,-0.71012779,-1.29039501
343.275,0.014756,-0.78132477,0.15289809,-0.68603163,-1.23712019
343.3,0.034391,-0.81432189,0.12118677,-0.65768322,-1.23557081
343.325,0.064498,-0.85438983,0.04656495,-0.63453201,-1.25011114
343.35,0.103411,-0.9025892,-0.02074793,-0.59791531,-1.2292541
343.375,0.160769,-0.94890302,-0.07108523,-0.56094425,-1.20243791
343.4,0.22253,-0.98508201,-0.11930059,-0.53094218,-1.1786013
343.425,0.280007,-1.03127798,-0.15431272,-0.49987704,-1.14630269
343.45,0.316421,-1.09385467,-0.20229231,-0.47117427,-1.12520729
343.475,0.346528,-1.14676792,-0.26665804,-0.44022725,-1.14558759
343.5,0.399721,-1.18106136,-0.30332057,-0.41235131,-1.18336862
343.525,0.455056,-1.19814916,-0.27903607,-0.39794087,-1.166683
343.55,0.512414,-1.20333442,-0.21525976,-0.39947641,-1.09183603
343.575,0.570248,-1.20427719,-0.18684925,-0.41246943,-1.0181809
343.6,0.613564,-1.19991686,-0.23011339,-0.42534434,-0.97420235
343.625,0.650216,-1.20168456,-0.29153198,-0.43999102,-0.94035436
343.65,0.677705,-1.21582619,-0.32784085,-0.46255163,-0.88684117
343.675,0.697221,-1.22655025,-0.34281237,-0.49338053,-0.79471266
343.7,0.718165,-1.23821709,-0.35919852,-0.53519444,-0.68756709
343.725,0.740418,-1.26473264,-0.41366183,-0.58137874,-0.59520021
343.75,0.759101,-1.29714053,-0.48333243,-0.61752296,-0.53346339
343.775,0.780997,-1.33732631,-0.53461283,-0.63665814,-0.51189125
343.8,0.815983,-1.39401066,-0.57457617,-0.64362713,-0.46767434
343.825,0.857752,-1.45375902,-0.61489316,-0.65425778,-0.38615312
343.85,0.904638,-1.51244677,-0.66558413,-0.68083442,-0.3377648
343.875,0.952595,-1.57019173,-0.70790519,-0.71709677,-0.32536976
343.9,0.992579,-1.62711177,-0.7346653,-0.75713891,-0.32310528
343.925,1.026851,-1.68709583,-0.76048232,-0.79623609,-0.30320171
343.95,1.054578,-1.74024477,-0.78488472,-0.82883677,-0.24921178
343.975,1.091706,-1.78325888,-0.79962046,-0.86923326,-0.24682812
344,1.133118,-1.81107074,-0.79207576,-0.91801616,-0.31869551
344.025,1.167271,-1.83746844,-0.78193757,-0.96987013,-0.39318492
344.05,1.212491,-1.87022987,-0.79042536,-1.02951992,-0.43334961
344.075,1.252237,-1.89603834,-0.80916922,-1.0800746,-0.44204998
344.1,1.286866,-1.92491082,-0.8379334,-1.11385646,-0.44133488
344.125,1.334704,-1.9537833,-0.87035204,-1.13618083,-0.41475706
344.15,1.382423,-1.99019799,-0.89970564,-1.14716584,-0.37781031
344.175,1.433117,-2.03580473,-0.93106331,-1.1559066,-0.36756056
344.2,1.485596,-2.07999731,-0.97020144,-1.16204876,-0.35826429
344.225,1.533434,-2.13243916,-1.00851438,-1.16960834,-0.33252074
344.25,1.586746,-2.18770935,-1.0318558,-1.1886254,-0.31059106
344.275,1.635417,-2.23590872,-1.04788829,-1.20835117,-0.2856818
344.3,1.679804,-2.28281177,-1.06191672,-1.22961248,-0.24873505
344.325,1.717884,-2.32877205,-1.05896957,-1.25760654,-0.21131157
344.35,1.748348,-2.35799808,-1.03739644,-1.28808109,-0.18032397
344.375,1.788213,-2.37838559,-1.02442899,-1.32599709,-0.1245463
344.4,1.820938,-2.40490113,-1.03197369,-1.37052773,-0.043621
344.425,1.834028,-2.42222462,-1.03503872,-1.41671202,0.03253698
344.45,1.832481,-2.43695548,-1.01334771,-1.46407749,0.09057913
344.475,1.821771,-2.45416113,-0.98753068,-1.52018373,0.09629991
344.5,1.813203,-2.45427897,-0.9839941,-1.58054223,0.09975622
344.525,1.811775,-2.44968295,-0.98434776,-1.63499481,0.16339998
344.55,1.81118,-2.44320137,-0.97079087,-1.69062857,0.25731623
344.575,1.805111,-2.42552434,-0.94061207,-1.74248255,0.30165233
344.6,1.794401,-2.41079348,-0.90736823,-1.78961179,0.27126065
344.625,1.771553,-2.3947663,-0.87883983,-1.83638667,0.24897342
344.65,1.745611,-2.36966492,-0.84253095,-1.88115354,0.28198713
344.675,1.725619,-2.33725703,-0.79160422,-1.93147198,0.34288967
344.7,1.70408,-2.29459646,-0.73112872,-1.9771838,0.37566501
344.725,1.68385,-2.24569001,-0.68456377,-2.02112384,0.34074437
344.75,1.656599,-2.19678356,-0.6405923,-2.07014297,0.26553986
344.775,1.617805,-2.14504878,-0.58424281,-2.11490985,0.20058509
344.8,1.57556,-2.09296046,-0.52034862,-2.16310215,0.17126606
344.825,1.538194,-2.03863305,-0.44855607,-2.21531048,0.15994367
344.85,1.516655,-1.97369943,-0.3837188,-2.27318849,0.11489247
344.875,1.489404,-1.90558393,-0.31522705,-2.33685431,0.03599328
344.9,1.443827,-1.82815854,-0.23789387,-2.38835393,-0.02645864
344.925,1.392181,-1.73670937,-0.1527802,-2.42851418,-0.0583997
344.95,1.333871,-1.63677522,-0.05410966,-2.46702078,-0.08438161
344.975,1.279488,-1.52222806,0.04208529,-2.49879463,-0.10690721
345,1.239266,-1.40320272,0.14558916,-2.52962353,-0.13586869
345.025,1.214038,-1.27899211,0.24425971,-2.5596256,-0.17770195
345.05,1.200115,-1.14500022,0.32029615,-2.58159562,-0.22263396
345.075,1.188691,-1.01772559,0.36686111,-2.60380188,-0.2582697
345.1,1.168342,-0.8968147,0.3896131,-2.62683497,-0.27137983
345.125,1.135379,-0.78521371,0.42085287,-2.650813,-0.29044912
345.15,1.10194,-0.68916851,0.44549104,-2.67030253,-0.34741863
345.175,1.072666,-0.59877996,0.45940158,-2.68329556,-0.42047784
345.2,1.041488,-0.51451945,0.46576742,-2.68022448,-0.47458695
345.225,1.009001,-0.43674051,0.45716175,-2.66545968,-0.51260635
345.25,0.981036,-0.35189076,0.46800726,-2.65612833,-0.55002983
345.275,0.952595,-0.2564348,0.50596654,-2.63463078,-0.6065226
345.3,0.922607,-0.15037261,0.54498679,-2.60628236,-0.66230028
345.325,0.898926,-0.04266057,0.56832821,-2.56624023,-0.69710173
345.35,0.883099,0.05739143,0.57882006,-2.5050549,-0.71593265
345.375,0.869414,0.15909328,0.59308426,-2.44375145,-0.72117671
345.4,0.853587,0.25737757,0.6204338,-2.37205359,-0.73905417
345.425,0.843472,0.35212646,0.64601506,-2.2931505,-0.79781142
345.45,0.847637,0.4485252,0.64790123,-2.21885403,-0.88874809
345.475,0.867034,0.53467126,0.62408827,-2.13357255,-0.96442934
345.5,0.888692,0.60372953,0.59060866,-2.03529805,-0.99720468
345.525,0.912373,0.67125579,0.58117778,-1.93253505,-1.00983809
345.55,0.932484,0.74597071,0.59508832,-1.8256379,-1.04165996
345.575,0.93296,0.81102218,0.61135658,-1.71212612,-1.10732983
345.6,0.936054,0.86912069,0.62562079,-1.59388961,-1.18682493
345.625,0.949144,0.92592288,0.6196086,-1.46915659,-1.2384312
345.65,0.975086,0.98437493,0.61654357,-1.3491483,-1.27132572
345.675,1.01269,1.05013348,0.64966952,-1.24213303,-1.31184797
345.7,1.034467,1.1190739,0.68421011,-1.13877944,-1.33675723
345.725,1.051603,1.18589308,0.70908404,-1.05715963,-1.32614993
345.75,1.059933,1.24858762,0.74704332,-0.9927851,-1.28181383
345.775,1.042083,1.31646742,0.79797006,-0.92569385,-1.21614397
345.8,1.021496,1.38269736,0.85573418,-0.86935138,-1.15071247
345.825,1.00555,1.44763099,0.91114058,-0.81218208,-1.09231277
345.85,0.989604,1.51244677,0.9689047,-0.74898874,-1.0554852
345.875,0.974015,1.57372714,1.01747371,-0.68449609,-1.04034895
345.9,0.954737,1.63335766,1.03645335,-0.6087822,-1.0167507
345.925,0.937006,1.67059727,1.04152245,-0.529761,-0.97217624
345.95,0.924392,1.69322387,1.03598181,-0.45310216,-0.89816356
345.975,0.918204,1.71620401,1.03987205,-0.38423914,-0.82701127
346,0.911064,1.73258472,1.07016874,-0.32612489,-0.800791
346.025,0.895594,1.75309008,1.10565241,-0.27131795,-0.81914519
346.05,0.871199,1.77135635,1.13076212,-0.22135387,-0.85096706
346.075,0.835261,1.7767773,1.12934749,-0.17422463,-0.89029747
346.1,0.799918,1.78266965,1.12899383,-0.1252055,-0.93308419
346.125,0.753746,1.78596936,1.13205887,-0.08315535,-0.975275
346.15,0.684012,1.78243395,1.1259288,-0.04996408,-1.0547701
346.175,0.600355,1.76782094,1.13583122,-0.02031636,-1.16680218
346.2,0.498134,1.75403286,1.1528068,0.00555156,-1.26560494
346.225,0.391867,1.7599252,1.17426204,0.03484493,-1.31292061
346.25,0.310352,1.76239998,1.17933114,0.06874491,-1.3404519
346.275,0.255612,1.7599252,1.17402627,0.10973199,-1.37692192
346.3,0.207298,1.75391501,1.17591244,0.15296332,-1.40492994
346.325,0.156128,1.73647367,1.16742465,0.19017061,-1.42828982
346.35,0.105553,1.72244989,1.15504663,0.23848104,-1.45391418
346.375,0.054978,1.70807258,1.11885564,0.28891759,-1.50182577
346.4,0.009282,1.69699497,1.08242888,0.32742419,-1.56606544
346.425,-0.029988,1.68862784,1.0772419,0.37230918,-1.63221204
346.45,-0.064022,1.68143918,1.08961992,0.42404503,-1.73220663
346.475,-0.094843,1.67260067,1.08466871,0.47814326,-1.85162805
346.5,-0.126378,1.63901431,1.02501842,0.5239732,-1.95305284
346.525,-0.154105,1.58892939,0.96749007,0.54700628,-2.01729251
346.55,-0.1904,1.54025863,0.95051449,0.56212544,-2.04839929
346.575,-0.2499,1.49052725,0.96631121,0.57275609,-2.08808725
346.6,-0.317611,1.43914601,0.98493719,0.58255992,-2.12694093
346.625,-0.386155,1.39695683,0.98800222,0.60098639,-2.15542568
346.65,-0.455889,1.35358918,1.01028267,0.61445189,-2.17532925
346.675,-0.515865,1.30091163,1.03362409,0.62248394,-2.15363793
346.7,-0.569058,1.25400857,1.04623789,0.63559508,-2.10215085
346.725,-0.623917,1.21429418,1.02442899,0.64315466,-2.08034035
346.75,-0.679371,1.17894012,0.96843316,0.64327277,-2.10489206
346.775,-0.727209,1.14099342,0.93919744,0.64528079,-2.12265034
346.8,-0.76636,1.10233965,0.9353072,0.63996546,-2.08415421
346.825,-0.798252,1.06227171,0.93271371,0.62768115,-2.0349316
346.85,-0.830382,1.01642928,0.92681941,0.62165711,-2.06305881
346.875,-0.875126,0.9797789,0.95157546,0.61208952,-2.18665164
346.9,-0.925463,0.94489623,1.00132334,0.60051392,-2.32263952
346.925,-0.98294,0.90600676,1.0360997,0.59508047,-2.39176569
346.95,-1.032206,0.87536657,1.07158337,0.58704842,-2.43538669
346.975,-1.06981,0.83977682,1.08596546,0.57866201,-2.51440506
347,-1.122051,0.79228453,1.08961992,0.56129861,-2.63752117
347.025,-1.17334,0.74373161,1.11991661,0.53708434,-2.75396302
347.05,-1.214276,0.69470732,1.14561575,0.51617738,-2.82642632
347.075,-1.255688,0.6386122,1.13665642,0.48523036,-2.88935498
347.1,-1.294958,0.56731485,1.09445325,0.45428334,-2.97409413
347.125,-1.3209,0.47586567,1.06509964,0.42097396,-3.06181287
347.15,-1.339226,0.36992133,1.05755494,0.37349036,-3.14512183
347.175,-1.352435,0.27364044,1.06745736,0.32884161,-3.24022991
347.2,-1.359456,0.20116461,1.09303861,0.28312979,-3.32747191
347.225,-1.362788,0.13740945,1.09244918,0.23422878,-3.39242668
347.25,-1.358742,0.06858688,1.08113213,0.19513159,-3.42973098
347.275,-1.364335,-0.00341756,1.06439233,0.15993231,-3.46608182
347.3,-1.368976,-0.0698832,1.03739644,0.12366996,-3.5541581
347.325,-1.365882,-0.13481682,1.01546965,0.09000622,-3.67906195
347.35,-1.364097,-0.20022184,0.99201035,0.05539753,-3.77452758
347.375,-1.356481,-0.26739455,0.96454292,0.01759964,-3.81779103
347.4,-1.350412,-0.34481995,0.90854709,-0.01570975,-3.83006689
347.425,-1.339107,-0.42542721,0.83451471,-0.04771983,-3.86451079
347.45,-1.318282,-0.51569792,0.75046202,-0.07748567,-3.93375615
347.475,-1.29353,-0.60679355,0.65014107,-0.09650273,-3.98297876
347.5,-1.263542,-0.69176114,0.55477132,-0.11162188,-3.98154856
347.525,-1.231174,-0.78815989,0.46140564,-0.12851281,-3.93792756
347.55,-1.190833,-0.88231954,0.36756842,-0.14351385,-3.91742807
347.575,-1.152634,-0.97200101,0.27149136,-0.158633,-3.96116826
347.6,-1.121337,-1.058972,0.178833,-0.18615459,-4.00753047
347.625,-1.082424,-1.13356907,0.07862993,-0.21662913,-3.99608889
347.65,-1.031373,-1.19567437,-0.02369508,-0.23706362,-3.95675848
347.675,-0.963543,-1.23715647,-0.10138192,-0.2574981,-3.92398314
347.7,-0.887859,-1.26650034,-0.16586554,-0.28608275,-3.89645185
347.725,-0.800275,-1.29419436,-0.20559311,-0.3365193,-3.85795572
347.75,-0.696626,-1.31234278,-0.22634104,-0.40018512,-3.79133239
347.775,-0.595357,-1.32695579,-0.24543857,-0.45487394,-3.70444794
347.8,-0.488376,-1.34616483,-0.25498733,-0.49208123,-3.61565656
347.825,-0.374136,-1.35771382,-0.25593042,-0.51109829,-3.53973695
347.85,-0.248591,-1.36054215,-0.22421909,-0.53484009,-3.46453244
347.875,-0.117096,-1.35229287,-0.13710137,-0.57370104,-3.35476484
347.9,-0.000238,-1.32259545,-0.00895933,-0.61834979,-3.20638192
347.925,0.102935,-1.28382383,0.10550793,-0.65898252,-3.06193205
347.95,0.199325,-1.23963126,0.20182076,-0.69642605,-2.93595555
347.975,0.305473,-1.17917581,0.31970672,-0.73197969,-2.81152844
348,0.411145,-1.10528582,0.45126745,-0.76989569,-2.66243043
348.025,0.512057,-1.03092444,0.57610868,-0.82210402,-2.47340609
348.05,0.611422,-0.96115909,0.66629144,-0.87006009,-2.26745776
348.075,0.703528,-0.9008215,0.73525473,-0.91978793,-2.06949469
348.1,0.803964,-0.85686461,0.82732366,-0.98368999,-1.87367692
348.125,0.909279,-0.81302558,0.94898197,-1.041568,-1.67368774
348.15,1.003646,-0.76470836,1.08620123,-1.09460316,-1.48323321
348.175,1.083138,-0.71320927,1.2174083,-1.14385853,-1.31315898
348.2,1.157751,-0.65428584,1.33116825,-1.18838916,-1.16036629
348.225,1.23998,-0.58628819,1.40956241,-1.23043931,-1.03188695
348.25,1.325422,-0.51322313,1.43526155,-1.26327622,-0.94071191
348.275,1.393728,-0.44993936,1.42064369,-1.28335635,-0.86062089
348.3,1.451681,-0.38594851,1.41215591,-1.2945776,-0.77886131
348.325,1.512252,-0.31677239,1.44068431,-1.30095599,-0.6832765
348.35,1.563541,-0.24276456,1.45494851,-1.30083787,-0.5735089
348.375,1.61602,-0.17299921,1.42877783,-1.29812115,-0.47875836
348.4,1.664929,-0.12880663,1.3962413,-1.29764868,-0.40832117
348.425,1.712172,-0.09710582,1.37490394,-1.29304206,-0.34837209
348.45,1.773933,-0.07636477,1.36476575,-1.28182081,-0.27519369
348.475,1.828792,-0.06917611,1.33211134,-1.26209504,-0.17853623
348.5,1.883294,-0.05986621,1.27081064,-1.21354838,-0.07711144
348.525,1.94089,-0.04973138,1.20196524,-1.14929197,-0.00476732
348.55,1.987895,-0.04808152,1.13842471,-1.09413068,0.02776965
348.575,2.040255,-0.04973138,1.10777436,-1.03093734,0.03122596
348.6,2.102016,-0.04431042,1.10482721,-0.96171996,0.05172545
348.625,2.167228,-0.03924301,1.10470932,-0.89179388,0.11715695
348.65,2.240294,-0.04336765,1.06993297,-0.82092284,0.19736715
348.675,2.313479,-0.0585699,0.92493324,-0.76328106,0.25624358
348.7,2.371908,-0.09074209,0.67324671,-0.71166332,0.29938785
348.725,2.410464,-0.13163496,0.46824303,-0.66855011,0.32727669
348.75,2.429028,-0.17476691,0.34906033,-0.62827174,0.34777618
348.775,2.443665,-0.22650169,0.25074344,-0.57606341,0.39461512
348.8,2.469488,-0.27835431,0.23706866,-0.52881605,0.47220329
348.825,2.505069,-0.33468512,0.26901576,-0.48641155,0.57648847
348.85,2.540531,-0.39325501,0.24697108,-0.44353457,0.69400297
348.875,2.577659,-0.43709405,0.22197926,-0.40951647,0.80472404
348.9,2.623236,-0.48234725,0.23188168,-0.38329419,0.87563796
348.925,2.660245,-0.5239472,0.27361331,-0.3576625,0.89935539
348.95,2.690114,-0.55930126,0.29330027,-0.33427506,0.91830549
348.975,2.722006,-0.60207967,0.26972307,-0.32352628,0.96550199
349,2.75366,-0.63825866,0.27632469,-0.32506182,1.00232955
349.025,2.780078,-0.66925239,0.30626772,-0.33746425,0.9653828
349.05,2.797452,-0.70036397,0.32006038,-0.35837121,0.87945182
349.075,2.827559,-0.72970784,0.33326361,-0.37549837,0.8514438
349.1,2.87028,-0.76070156,0.37912124,-0.39109,0.90853248
349.125,2.906932,-0.79947319,0.47366578,-0.4116426,0.98135333
349.15,2.933945,-0.83836265,0.56184448,-0.42841542,1.01091073
349.175,2.942751,-0.85957509,0.5515884,-0.44176279,0.9738448
349.2,2.93573,-0.88267308,0.48250723,-0.45688195,0.89446888
349.225,2.921331,-0.91637728,0.44938128,-0.47141051,0.82879901
349.25,2.908479,-0.93971096,0.44490161,-0.49609726,0.80853789
349.275,2.899197,-0.96858345,0.44949916,-0.54157284,0.80341302
349.3,2.883608,-1.01065478,0.42662929,-0.6016951,0.79578531
349.325,2.863497,-1.0438876,0.36308875,-0.66736893,0.77457072
349.35,2.830891,-1.07900597,0.3089791,-0.73292464,0.73667051
349.375,2.781744,-1.12696965,0.25710928,-0.79552738,0.69543317
349.4,2.736405,-1.18247552,0.16244685,-0.85742142,0.65538766
349.425,2.697254,-1.24764484,0.05316657,-0.91659874,0.62010947
349.45,2.653105,-1.31116431,-0.00931299,-0.97884713,0.58197089
349.475,2.600745,-1.36136708,-0.03194709,-1.05219865,0.5199957
349.5,2.547314,-1.39907807,-0.04998365,-1.1256683,0.4412157
349.525,2.502332,-1.42064405,-0.08487789,-1.19594874,0.39246982
349.55,2.456755,-1.43219305,-0.12696318,-1.26079574,0.37983642
349.575,2.402967,-1.44362419,-0.16067856,-1.32658768,0.35731082
349.6,2.345847,-1.45305194,-0.21573131,-1.39840367,0.25457502
349.625,2.284919,-1.47131821,-0.28493036,-1.46254196,0.08426242
349.65,2.224229,-1.49123433,-0.29931245,-1.52112868,-0.04326345
349.675,2.170798,-1.49488758,-0.23989793,-1.57569938,-0.07866082
349.7,2.121056,-1.47956749,-0.1637436,-1.62637217,-0.10154397
349.725,2.072147,-1.44763099,-0.12047945,-1.68035227,-0.1625657
349.75,2.026213,-1.40980214,-0.11552824,-1.73208813,-0.23157269
349.775,1.983849,-1.3755087,-0.15148346,-1.77520134,-0.25767378
349.8,1.936844,-1.35559258,-0.22787356,-1.81311735,-0.23634001
349.825,1.895313,-1.34970023,-0.28398728,-1.84997029,-0.24897342
349.85,1.856876,-1.35877444,-0.28457671,-1.88209849,-0.30212906
349.875,1.801898,-1.37197329,-0.26925153,-1.915526,-0.34193621
349.9,1.74097,-1.3697342,-0.25286538,-1.95816674,-0.34348559
349.925,1.661121,-1.36702373,-0.24885726,-1.99891758,-0.29402461
349.95,1.566992,-1.36207416,-0.26430032,-2.03718794,-0.23264534
349.975,1.489523,-1.35677105,-0.27608892,-2.08006492,-0.21143075
350,1.433712,-1.35594612,-0.26807267,-2.12506803,-0.20952382
350.025,1.395156,-1.33826909,-0.23577192,-2.17467775,-0.20737853
350.05,1.357552,-1.30597904,-0.21761748,-2.22015333,-0.20928546
350.075,1.313284,-1.26178647,-0.22174349,-2.25641568,-0.22775883
350.1,1.260924,-1.209816,-0.20618254,-2.28452786,-0.26375212
350.125,1.214752,-1.15360304,-0.14865419,-2.29882018,-0.28913811
350.15,1.179409,-1.08902295,-0.05104462,-2.30720659,-0.29938785
350.175,1.135855,-1.02738904,0.04904056,-2.31464805,-0.31190207
350.2,1.08528,-0.96764067,0.10857297,-2.32350693,-0.37101687
350.225,1.032087,-0.90895293,0.14782899,-2.32126268,-0.49222605
350.25,0.977109,-0.84731902,0.19462972,-2.30945084,-0.60628424
350.275,0.919989,-0.76836161,0.21608496,-2.29822959,-0.63548409
350.3,0.865368,-0.68021215,0.2014671,-2.26621951,-0.61224339
350.325,0.815388,-0.59524455,0.19851996,-2.22357877,-0.59817979
350.35,0.764099,-0.51298744,0.2543979,-2.18176486,-0.62761801
350.375,0.714476,-0.43226233,0.34658472,-2.13380879,-0.71652857
350.4,0.667828,-0.35141937,0.39444642,-2.09353042,-0.79924162
350.425,0.622608,-0.27552599,0.37464158,-2.065182,-0.84619974
350.45,0.5831,-0.20799973,0.33609287,-2.05112591,-0.90173905
350.475,0.55335,-0.14377318,0.3165238,-2.0465193,-0.96037712
350.5,0.523005,-0.08001803,0.32595468,-2.04167644,-1.01436704
350.525,0.494088,-0.01826627,0.34163351,-2.03411686,-1.06120599
350.55,0.466004,0.03665038,0.35071073,-2.01769841,-1.11352735
350.575,0.433517,0.08814946,0.35566194,-1.9977364,-1.22794309
350.6,0.413287,0.13528821,0.35047496,-1.97257718,-1.35952119
350.625,0.395556,0.17464907,0.32383273,-1.9373779,-1.4487893
350.65,0.38675,0.21825241,0.27384908,-1.89272915,-1.48275648
350.675,0.399364,0.26409484,0.2468532,-1.83355183,-1.47596304
350.7,0.414358,0.30475201,0.26135317,-1.76303515,-1.50528208
350.725,0.442323,0.35059445,0.29530433,-1.68968363,-1.5599871
350.75,0.471359,0.40680741,0.31110105,-1.61078054,-1.56737645
350.775,0.50099,0.45948496,0.2947149,-1.52821578,-1.55235939
350.8,0.556444,0.49919935,0.29353604,-1.44860398,-1.53531621
350.825,0.614397,0.53596758,0.31275145,-1.36556675,-1.47989608
350.85,0.674373,0.56778623,0.3248937,-1.28075775,-1.41565641
350.875,0.74375,0.57957092,0.30709292,-1.19275954,-1.37894803
350.9,0.809676,0.56743269,0.26064586,-1.0961387,-1.3707244
350.925,0.870485,0.5387959,0.2140809,-1.00388823,-1.38991287
350.95,0.926177,0.51251605,0.17175984,-0.91860675,-1.41017399
350.975,0.989842,0.49896366,0.14028429,-0.82671064,-1.36667217
351,1.069929,0.49295347,0.11812173,-0.74178351,-1.25440173
351.025,1.152634,0.48564696,0.09855266,-0.66949506,-1.15428796
351.05,1.229865,0.46820563,0.06837386,-0.59874214,-1.06966798
351.075,1.305668,0.45477108,0.02652434,-0.54145472,-0.93832825
351.1,1.378258,0.44840735,-0.00895933,-0.48168681,-0.78970697
351.125,1.447278,0.4578351,-0.03878448,-0.418021,-0.69924703
351.15,1.503922,0.49566395,-0.06919906,-0.36782068,-0.65526848
351.175,1.545334,0.54044576,-0.07214621,-0.32092768,-0.60139773
351.2,1.58032,0.59100207,-0.03689831,-0.28206672,-0.50009213
351.225,1.609951,0.63000938,-0.01461786,-0.24344201,-0.40188529
351.25,1.639106,0.65263598,-0.01273168,-0.20410858,-0.35278186
351.275,1.658503,0.69046483,0.00129675,-0.16040478,-0.30093723
351.3,1.663739,0.74314238,0.02864629,-0.10488913,-0.20189611
351.325,1.661716,0.79794118,0.03772351,-0.05740554,-0.08557344
351.35,1.648388,0.83836265,0.03619099,-0.0102763,-0.02455171
351.375,1.627563,0.86098925,0.05163405,0.03555364,-0.03539737
351.4,1.612093,0.87183117,0.04727227,0.06756372,-0.05780379
351.425,1.604001,0.87336317,0.01685769,0.09354977,-0.04421692
351.45,1.591149,0.87666289,0,0.10760586,-0.00262203
351.475,1.569491,0.88715126,0.00978453,0.10642467,0.07377432
351.5,1.540217,0.89740394,0.01131705,0.10299924,0.16423426
351.525,1.519035,0.9008215,-0.04644707,0.09603025,0.19093127
351.55,1.506183,0.89481131,-0.12943878,0.07949368,0.122401
351.575,1.478218,0.88055183,-0.18885331,0.06709125,0.00798527
351.6,1.436211,0.87206686,-0.21938577,0.06024038,-0.07282085
351.625,1.375164,0.86617452,-0.22740202,0.05575188,-0.09510808
351.65,1.316497,0.84378361,-0.2468532,0.05610624,-0.11882551
351.675,1.274014,0.81502897,-0.27714989,0.04771983,-0.16995505
351.7,1.229032,0.79169529,-0.2753816,0.03779789,-0.21417196
351.725,1.190119,0.77519673,-0.23376786,0.03767977,-0.23717429
351.75,1.138592,0.76671175,-0.1839021,0.04181391,-0.24146488
351.775,1.071833,0.75716616,-0.13733714,0.05894108,-0.26637414
351.8,1.006621,0.75221659,-0.10951606,0.08161981,-0.34312804
351.825,0.933198,0.75964094,-0.11045914,0.09957381,-0.426437
351.85,0.864178,0.77661089,-0.10786565,0.11398425,-0.47840081
351.875,0.803845,0.79947319,-0.0898291,0.12237066,-0.52190263
351.9,0.751842,0.82398533,-0.07697953,0.13819852,-0.57636929
351.925,0.715428,0.85368275,-0.08381692,0.15816053,-0.64621056
351.95,0.679609,0.88231954,-0.08075188,0.1733978,-0.70127314
351.975,0.644147,0.90848154,-0.05139828,0.18544588,-0.75025738
352,0.60928,0.9287512,-0.0486869,0.18343787,-0.82176721
352.025,0.572628,0.93216876,-0.06931694,0.17516958,-0.87933263
352.05,0.549066,0.92804412,-0.06825597,0.17268909,-0.92450301
352.075,0.522529,0.93040106,-0.04078854,0.16808247,-0.96919666
352.1,0.489209,0.93523278,-0.01897964,0.16323962,-0.98183007
352.125,0.454342,0.92922259,-0.05528851,0.15225461,-0.9541796
352.15,0.405076,0.90211781,-0.13875177,0.13264696,-0.94238047
352.175,0.357833,0.85662892,-0.2275199,0.11339366,-1.00328302
352.2,0.314517,0.80996156,-0.29742628,0.08681702,-1.13915171
352.225,0.268226,0.76494405,-0.3283124,0.05539753,-1.27263674
352.25,0.227171,0.71698037,-0.34151562,0.0282303,-1.32150179
352.275,0.193137,0.66607053,-0.37475946,-0.00011812,-1.31411244
352.3,0.17374,0.61539637,-0.41719841,-0.02976584,-1.34760288
352.325,0.157794,0.56036188,-0.43382033,-0.04712924,-1.43973139
352.35,0.147441,0.4973138,-0.43594228,-0.05043655,-1.50051475
352.375,0.155295,0.43992238,-0.44313332,-0.05173586,-1.47810834
352.4,0.158865,0.39148731,-0.44997071,-0.04736548,-1.44962359
352.425,0.154938,0.35165507,-0.45904793,-0.03968778,-1.51243306
352.45,0.157794,0.31771517,-0.46152353,-0.03012019,-1.6191019
352.475,0.171122,0.28342173,-0.45244631,-0.01370173,-1.66880124
352.5,0.198016,0.24912829,-0.42792603,-0.00236237,-1.67499876
352.525,0.225148,0.22791585,-0.3794749,-0.00224425,-1.72338708
352.55,0.242165,0.23651867,-0.30626772,-0.00283484,-1.82445432
352.575,0.250733,0.2564348,-0.21125164,0.00401603,-1.9047837
352.6,0.244545,0.27988632,-0.12401603,0.00696899,-1.90514125
352.625,0.224672,0.3127656,-0.07674376,0.00212613,-1.87069734
352.65,0.199801,0.33433158,-0.06483728,-0.01216619,-1.86688349
352.675,0.173383,0.35837234,-0.05799989,-0.03720729,-1.87784833
352.7,0.160055,0.39702611,-0.02817474,-0.0526808,-1.88666787
352.725,0.163149,0.43485496,0.04349992,-0.06437452,-1.89870536
352.75,0.171479,0.47716199,0.13733714,-0.08587207,-1.90776328
352.775,0.181237,0.52453643,0.2258695,-0.11764592,-1.87975526
352.8,0.188139,0.56707915,0.30709292,-0.1618222,-1.80562339
352.825,0.19992,0.59430178,0.38713749,-0.20150998,-1.70169576
352.85,0.222292,0.60820771,0.45680809,-0.23033087,-1.61171255
352.875,0.248829,0.60761848,0.47390156,-0.25820681,-1.56976011
352.9,0.282149,0.59005929,0.45633655,-0.2909256,-1.5536704
352.925,0.320229,0.56590068,0.45114957,-0.32600677,-1.54020271
352.95,0.362593,0.53337495,0.45079591,-0.35801685,-1.52601993
352.975,0.408051,0.49259993,0.44737722,-0.37998687,-1.5255432
353,0.456008,0.44722888,0.43806422,-0.39522415,-1.53281336
353.025,0.512057,0.39714396,0.42297482,-0.41861159,-1.50957267
353.05,0.572152,0.33951684,0.41000737,-0.43727429,-1.46023088
353.075,0.637007,0.27316905,0.39020253,-0.44660565,-1.42817063
353.1,0.690557,0.1996326,0.35695868,-0.45983491,-1.43365306
353.125,0.726257,0.12161797,0.32277176,-0.4630241,-1.46630921
353.15,0.771001,0.04772798,0.3047352,-0.45369275,-1.47500958
353.175,0.829192,-0.01744134,0.29424335,-0.4366837,-1.45081542
353.2,0.893095,-0.07011889,0.26807267,-0.40845341,-1.39527611
353.225,0.969136,-0.11949673,0.23647923,-0.38116806,-1.31149042
353.25,1.037918,-0.17995217,0.21985731,-0.35281964,-1.22722799
353.275,1.090516,-0.24677135,0.20311751,-0.31939214,-1.15464551
353.3,1.149421,-0.30793388,0.17364602,-0.28891759,-1.11066696
353.325,1.197497,-0.36249698,0.1629184,-0.24970229,-1.06823779
353.35,1.223439,-0.41269975,0.16869481,-0.20410858,-0.97408317
353.375,1.247239,-0.44840735,0.15502004,-0.16678317,-0.83106349
353.4,1.289722,-0.48340787,0.13049976,-0.12437867,-0.69400297
353.425,1.35303,-0.52347581,0.10208924,-0.07098915,-0.57732275
353.45,1.407294,-0.55494092,0.08169497,-0.02539545,-0.45146544
353.475,1.458464,-0.57839245,0.0839348,0.00377979,-0.30153315
353.5,1.498686,-0.59017714,0.08369903,0.02551357,-0.16483018
353.525,1.520701,-0.60184398,0.08853236,0.04027837,-0.08044857
353.55,1.554854,-0.62011024,0.1024429,0.04370381,-0.03527819
353.575,1.579011,-0.62800599,0.10303233,0.03933343,0.03718512
353.6,1.596266,-0.63543034,0.09289414,0.02834841,0.16459181
353.625,1.622565,-0.65157536,0.08829658,0.00921323,0.27805408
353.65,1.627444,-0.66630622,0.11989002,-0.017954,0.33120973
353.675,1.61364,-0.67408411,0.16692652,-0.05409822,0.35361615
353.7,1.596147,-0.66288866,0.19203623,-0.09756579,0.39735633
353.725,1.577702,-0.64532948,0.19993459,-0.13890723,0.45075034
353.75,1.573656,-0.64356177,0.20252808,-0.17552393,0.47470614
353.775,1.586508,-0.64132268,0.20453214,-0.21556607,0.45182299
353.8,1.59698,-0.63071646,0.22315812,-0.25891552,0.43621001
353.825,1.601621,-0.60926833,0.2821011,-0.29529599,0.50164151
353.85,1.59817,-0.57308934,0.34752781,-0.33108586,0.60401976
353.875,1.592815,-0.53196078,0.39527162,-0.37195482,0.62880984
353.9,1.606381,-0.48446849,0.44796665,-0.41494992,0.565762
353.925,1.62673,-0.43285156,0.49217388,-0.46479588,0.5340593
353.95,1.642557,-0.38288449,0.51138929,-0.50271189,0.57398563
353.975,1.663382,-0.32891062,0.52671447,-0.52846169,0.59960999
354,1.687658,-0.28212541,0.54251118,-0.55397527,0.51737367
354.025,1.710625,-0.25007106,0.53048682,-0.57417351,0.36899076
354.05,1.731212,-0.22768016,0.48734056,-0.59826967,0.28854219
354.075,1.75406,-0.2242626,0.43688536,-0.61610554,0.31488165
354.1,1.774766,-0.22720877,0.37157654,-0.62579125,0.37054014
354.125,1.788332,-0.2355759,0.26312146,-0.63618567,0.35766837
354.15,1.802017,-0.2579668,0.14004852,-0.64882434,0.26363293
354.175,1.810109,-0.2732869,0.04208529,-0.66961318,0.2061867
354.2,1.824627,-0.29485288,-0.0470365,-0.68650411,0.24968852
354.225,1.842834,-0.32785,-0.14594282,-0.6999696,0.33693052
354.25,1.844024,-0.35083014,-0.27526371,-0.70540305,0.41249258
354.275,1.852592,-0.36768224,-0.40977159,-0.69323685,0.45539848
354.3,1.87068,-0.37970262,-0.49948281,-0.68059819,0.49949621
354.325,1.878772,-0.39455133,-0.55948676,-0.67339296,0.54573924
354.35,1.875797,-0.41741362,-0.6372915,-0.67469227,0.57970641
354.375,1.878177,-0.44169008,-0.7564742,-0.67634592,0.59603449
354.4,1.890315,-0.46514161,-0.88355526,-0.67185743,0.61093238
354.425,1.889363,-0.48564696,-0.96525023,-0.66866823,0.65526848
354.45,1.879367,-0.50850926,-0.99955505,-0.66358914,0.68697117
354.475,1.867705,-0.52818968,-1.02478264,-0.65425778,0.66277701
354.5,1.856876,-0.54492394,-1.05484356,-0.6357132,0.60831035
354.525,1.857352,-0.56566499,-1.08785163,-0.62012157,0.59257819
354.55,1.865325,-0.57414996,-1.09303861,-0.61043586,0.64144324
354.575,1.867824,-0.56036188,-1.0335062,-0.5940174,0.7092584
354.6,1.859494,-0.52618629,-0.96124211,-0.57996131,0.73702806
354.625,1.854258,-0.48211156,-0.90029507,-0.57263797,0.71617102
354.65,1.856281,-0.44935013,-0.85149028,-0.57122055,0.67159656
354.675,1.86235,-0.42578075,-0.84146998,-0.5792526,0.65002442
354.7,1.869728,-0.39525841,-0.79561234,-0.59626165,0.67993937
354.725,1.86354,-0.34611627,-0.67018168,-0.61799544,0.71581347
354.75,1.845571,-0.27847216,-0.51292181,-0.64835186,0.70127314
354.775,1.817844,-0.21023882,-0.36214567,-0.68603163,0.64716403
354.8,1.789403,-0.14153409,-0.24425971,-0.71556123,0.63143186
354.825,1.773338,-0.06351946,-0.17482488,-0.74308282,0.68005855
354.85,1.754893,0.02038751,-0.12873147,-0.77887269,0.73416766
354.875,1.735496,0.10618003,-0.09478031,-0.81100089,0.73023462
354.9,1.716218,0.18560882,-0.08004457,-0.84537335,0.66098926
354.925,1.686944,0.24959968,-0.0394918,-0.88447053,0.59794142
354.95,1.654576,0.29850613,-0.00282926,-0.91234648,0.61295849
354.975,1.622803,0.35118368,-0.00235772,-0.94223043,0.65741377
355,1.592577,0.41576377,0.0193333,-0.9780203,0.64728321
355.025,1.565564,0.48446849,0.07591856,-1.01085722,0.59925244
355.05,1.539503,0.56118681,0.15242655,-1.0402687,0.57303216
355.075,1.507016,0.63342694,0.2006419,-1.0589314,0.5854272
355.1,1.472982,0.69246822,0.21573131,-1.07227878,0.61045564
355.125,1.439781,0.75704831,0.25640196,-1.0839725,0.60842953
355.15,1.395989,0.82528165,0.30827178,-1.08775229,0.55884938
355.175,1.357195,0.89269006,0.35507251,-1.07983836,0.49460971
355.2,1.336846,0.9664622,0.38996675,-1.05302548,0.45170381
355.225,1.319353,1.02868535,0.40375941,-1.01286523,0.41261176
355.25,1.30424,1.08030228,0.40977159,-0.9812095,0.35480798
355.275,1.286866,1.14358605,0.38595863,-0.96006631,0.29962622
355.3,1.263423,1.21099447,0.32630834,-0.94553774,0.24718567
355.325,1.251642,1.27592809,0.28941003,-0.92439455,0.20380304
355.35,1.251761,1.34227588,0.30508886,-0.87572977,0.1667371
355.375,1.269254,1.39483559,0.34387334,-0.81430821,0.12299692
355.4,1.300075,1.43018965,0.36697899,-0.75099675,0.09522727
355.425,1.324113,1.46177261,0.35377576,-0.6896933,0.07019882
355.45,1.351959,1.50019069,0.34941398,-0.63323271,0.03837695
355.475,1.383256,1.55522518,0.38513343,-0.57015749,-0.01644726
355.5,1.410388,1.61273445,0.41943824,-0.50094011,-0.07913755
355.525,1.433831,1.65680919,0.42745449,-0.43503005,-0.10774149
355.55,1.442399,1.68285334,0.42639351,-0.3782151,-0.10428518
355.575,1.453228,1.67436837,0.40199112,-0.32577053,-0.08700364
355.6,1.479765,1.62781885,0.29153198,-0.26104165,-0.05041444
355.625,1.505231,1.55876059,0.14476396,-0.17705947,0.0239558
355.65,1.534981,1.4866383,0.0696706,-0.09591214,0.10428518
355.675,1.565445,1.42677209,0.00247561,-0.02775782,0.17150443
355.7,1.581034,1.37268037,-0.13191439,0.03047455,0.23050004
355.725,1.590316,1.30692182,-0.3165238,0.08114734,0.2765047
355.75,1.592815,1.23538877,-0.50455191,0.13843476,0.33216319
355.775,1.586508,1.16149878,-0.60546229,0.19962009,0.40724852
355.8,1.580915,1.08383769,-0.64754757,0.26021482,0.46397966
355.825,1.566873,1.0157222,-0.72075475,0.31561235,0.54728862
355.85,1.547119,0.94937441,-0.82131148,0.36274159,0.67290757
355.875,1.536409,0.86629236,-0.93966898,0.41152448,0.78434373
355.9,1.522248,0.78179615,-1.04989235,0.4578269,0.88541097
355.925,1.504636,0.70354583,-1.12392474,0.49810527,0.94333394
355.95,1.482264,0.60962187,-1.18911567,0.53696622,0.94750534
355.975,1.45418,0.50037782,-1.26927812,0.57476411,0.92426465
356,1.437044,0.40833941,-1.35073732,0.60842785,0.87659142
356.025,1.411459,0.3467055,-1.39918845,0.63323271,0.82486597
356.05,1.368976,0.30498771,-1.38916814,0.65331284,0.77957641
356.075,1.324827,0.27010503,-1.35627796,0.67339296,0.73035381
356.1,1.270682,0.21919518,-1.37313565,0.69323685,0.67517205
356.125,1.213324,0.16109668,-1.44186317,0.71012779,0.61522297
356.15,1.172864,0.10641573,-1.51141588,0.7224121,0.56528526
356.175,1.149064,0.05538803,-1.54560281,0.7237114,0.50712393
356.2,1.137402,0.02745832,-1.56010278,0.69370933,0.42214641
356.225,1.127049,0.01355239,-1.56045644,0.63500449,0.32870689
356.25,1.104558,0.01178469,-1.51306629,0.56826759,0.24313345
356.275,1.079092,0.02286229,-1.44315991,0.50188506,0.19403003
356.3,1.059457,0.02722263,-1.37207468,0.4475506,0.15863266
356.325,1.036728,0.02592631,-1.30429025,0.39888582,0.10643047
356.35,1.018045,0.03064019,-1.26208708,0.33888167,0.03885368
356.375,1.013404,0.04808152,-1.22306683,0.27143607,-0.01144157
356.4,1.000909,0.07459707,-1.18628641,0.20174622,-0.02335988
356.425,0.982583,0.09993415,-1.18062788,0.13217448,-0.03599328
356.45,0.980322,0.11537209,-1.2039693,0.06425641,-0.0886722
356.475,0.986034,0.11242592,-1.22672129,-0.00921323,-0.17531828
356.5,0.992222,0.08720669,-1.21882293,-0.08882503,-0.2483775
356.525,0.996863,0.05986621,-1.18758315,-0.16855495,-0.26375212
356.55,0.991151,0.05585942,-1.16754254,-0.25537197,-0.24086897
356.575,0.978418,0.06575856,-1.17414415,-0.3415984,-0.23931959
356.6,0.969731,0.06976535,-1.14985965,-0.41246943,-0.27102228
356.625,0.964971,0.0789574,-1.09327439,-0.46668577,-0.30737312
356.65,0.964852,0.09545597,-1.08620123,-0.49940457,-0.30832658
356.675,0.971397,0.11537209,-1.10459144,-0.5220833,-0.29140259
356.7,0.984011,0.15485079,-1.07099394,-0.55350279,-0.27948428
356.725,1.00793,0.19975045,-0.98564451,-0.59661601,-0.28925729
356.75,1.029707,0.23769714,-0.91125846,-0.64646197,-0.33979091
356.775,1.045653,0.27375829,-0.85679515,-0.68532292,-0.37721439
356.8,1.068858,0.31771517,-0.77274246,-0.69937901,-0.36362752
356.825,1.076712,0.37345674,-0.66723453,-0.69831595,-0.3447966
356.85,1.069215,0.42295243,-0.59956799,-0.69205567,-0.3750691
356.875,1.061599,0.46419883,-0.58777939,-0.67670028,-0.41904765
356.9,1.030778,0.491775,-0.58695419,-0.65260413,-0.42178886
356.925,0.984606,0.51510868,-0.58094201,-0.62331077,-0.37614174
356.95,0.939624,0.5521126,-0.54121444,-0.59614353,-0.32286692
356.975,0.890715,0.59960489,-0.45881215,-0.57818954,-0.30200988
357,0.84014,0.64179407,-0.40729599,-0.5650784,-0.29164095
357.025,0.791112,0.67361273,-0.37075134,-0.54724252,-0.26732761
357.05,0.752675,0.72570104,-0.26406455,-0.52598121,-0.23693593
357.075,0.711739,0.80336213,-0.09466243,-0.51546867,-0.19951245
357.1,0.660331,0.89469346,0.0503373,-0.51830351,-0.16792893
357.125,0.61761,0.98437493,0.11788596,-0.52775298,-0.17865541
357.15,0.579054,1.05084057,0.13816234,-0.5368481,-0.23050004
357.175,0.542759,1.08819802,0.14629648,-0.52928852,-0.27388268
357.2,0.5117,1.10092549,0.1570241,-0.51688609,-0.28973402
357.225,0.473144,1.10858553,0.20052402,-0.51334254,-0.32334365
357.25,0.423759,1.12708749,0.26453609,-0.50094011,-0.39556858
357.275,0.380324,1.15772768,0.31805632,-0.48145057,-0.49067667
357.3,0.34986,1.18542169,0.35896275,-0.45215721,-0.5587302
357.325,0.327845,1.20038825,0.36827574,-0.40420114,-0.5861423
357.35,0.313922,1.20875537,0.36320664,-0.3557726,-0.6213013
357.375,0.309281,1.21877236,0.37122289,-0.31679353,-0.68375323
357.4,0.308329,1.22313269,0.36084892,-0.2709636,-0.73845825
357.425,0.306187,1.22160068,0.33715384,-0.20753402,-0.74703943
357.45,0.301665,1.22772872,0.34104408,-0.14764799,-0.74763535
357.475,0.282506,1.2362137,0.3525969,-0.09803827,-0.7761201
357.5,0.262514,1.25565843,0.34434489,-0.05587,-0.82152885
357.525,0.258111,1.27875642,0.30155228,-0.02657664,-0.85358909
357.55,0.275723,1.2814669,0.22056463,0.01051254,-0.8563303
357.575,0.324275,1.2756924,0.1393412,0.06437452,-0.86789106
357.6,0.381871,1.25848676,0.06519094,0.12815846,-0.93665969
357.625,0.442442,1.22607887,-0.00200406,0.18969814,-1.0252127
357.65,0.500752,1.19166758,-0.07780473,0.24568626,-1.05107543
357.675,0.538713,1.1512461,-0.19156468,0.3210458,-0.9879084
357.7,0.567273,1.10693568,-0.30391,0.40550045,-0.87921345
357.725,0.596666,1.08560539,-0.36686111,0.49231747,-0.81068319
357.75,0.624512,1.0929119,-0.35754811,0.57771707,-0.80114854
357.775,0.663663,1.11106032,-0.34623106,0.62496442,-0.82224395
357.8,0.731017,1.12673395,-0.39857243,0.65071423,-0.827488
357.825,0.811699,1.11989883,-0.46470645,0.68366926,-0.75228349
357.85,0.885122,1.08442692,-0.50820637,0.72123091,-0.61128993
357.875,0.939505,1.02915674,-0.5273039,0.76422601,-0.49878112
357.9,0.979727,0.96940838,-0.53744209,0.80391379,-0.46052335
357.925,1.03649,0.91625944,-0.53803152,0.8322622,-0.44395691
357.95,1.114316,0.8611071,-0.54769817,0.8489169,-0.37912132
357.975,1.21618,0.8027729,-0.59072654,0.86273675,-0.28079529
358,1.324232,0.74573501,-0.61618991,0.88151757,-0.23061923
358.025,1.415148,0.69235038,-0.61064927,0.89864474,-0.22227641
358.05,1.506659,0.64037991,-0.61064927,0.91470884,-0.18103907
358.075,1.576512,0.58216355,-0.62597444,0.92628445,-0.06781516
358.1,1.627444,0.52807184,-0.63010045,0.93195413,0.09093668
358.125,1.678257,0.47103395,-0.60687692,0.93939559,0.22752047
358.15,1.720264,0.39961875,-0.6045192,0.94671893,0.28115284
358.175,1.770958,0.3260823,-0.64507197,0.94423844,0.28317896
358.2,1.834861,0.23545805,-0.73112872,0.9279381,0.31786123
358.225,1.907808,0.13340266,-0.85160817,0.90419631,0.39437675
358.25,1.981588,0.03122942,-0.98057541,0.86793396,0.50009213
358.275,2.04561,-0.07942879,-1.11979873,0.8264744,0.59806061
358.3,2.092139,-0.17771308,-1.2451115,0.78714098,0.65276563
358.325,2.124031,-0.26468408,-1.3550991,0.7500518,0.68363404
358.35,2.154971,-0.36108282,-1.45058673,0.73812184,0.73154564
358.375,2.180199,-0.4653773,-1.5314565,0.73942115,0.81890682
358.4,2.193051,-0.57132164,-1.63826118,0.72938108,0.93677887
358.425,2.18246,-0.68716512,-1.7724154,0.70811977,1.02950329
358.45,2.160445,-0.80854739,-1.90727693,0.66181736,1.06227863
358.475,2.131528,-0.91319542,-2.02410192,0.59472611,1.06513903
358.5,2.079525,-1.00429105,-2.11982532,0.53070594,1.05727294
358.525,2.020025,-1.08242353,-2.1922073,0.4681032,1.05500847
358.55,1.953742,-1.1399328,-2.22049993,0.40868964,1.07455449
358.575,1.8802,-1.19037126,-2.22108936,0.34762243,1.14618351
358.6,1.814869,-1.23208906,-2.21814221,0.27982248,1.23759692
358.625,1.760248,-1.25589412,-2.22509748,0.2208814,1.29349377
358.65,1.708721,-1.26567541,-2.25857709,0.16383021,1.30159822
358.675,1.65053,-1.26980005,-2.2971258,0.11079505,1.25344827
358.7,1.581034,-1.27262838,-2.30514205,0.06437452,1.14427658
358.725,1.487381,-1.27628163,-2.2887559,0.00342543,0.99791978
358.75,1.385041,-1.28158474,-2.26883317,-0.064847,0.88600688
358.775,1.294244,-1.28771278,-2.24891044,-0.13583615,0.81926437
358.8,1.203923,-1.29136603,-2.22262188,-0.21934586,0.76741974
358.825,1.127049,-1.27262838,-2.16969108,-0.306281,0.67576796
358.85,1.077664,-1.2379814,-2.08174815,-0.39853146,0.52655077
358.875,1.046248,-1.20380581,-1.99651661,-0.49432548,0.38651067
358.9,1.019949,-1.16951237,-1.95702481,-0.5792526,0.287112
358.925,0.979132,-1.1419362,-1.92719966,-0.66477032,0.22668618
358.95,0.914634,-1.1059929,-1.85894369,-0.76328106,0.17198116
358.975,0.847756,-1.06333233,-1.76404549,-0.86746149,0.04660058
359,0.79611,-1.0232644,-1.66065951,-0.96916142,-0.10881414
359.025,0.764337,-0.97553641,-1.55373694,-1.06708157,-0.22692455
359.05,0.747796,-0.93240446,-1.46249321,-1.16712785,-0.33430849
359.075,0.737919,-0.88620848,-1.38480636,-1.27154451,-0.42441088
359.1,0.74375,-0.83942328,-1.32480241,-1.36804724,-0.49985376
359.125,0.752913,-0.81267204,-1.30004636,-1.44588726,-0.51892305
359.15,0.761362,-0.79228453,-1.28307078,-1.50211162,-0.46815107
359.175,0.786114,-0.77342903,-1.25796107,-1.53081439,-0.45039279
359.2,0.802298,-0.75504491,-1.20043272,-1.54345306,-0.5284577
359.225,0.799323,-0.73960697,-1.10294103,-1.56093458,-0.6382253
359.25,0.788494,-0.73253616,-1.00627455,-1.58987358,-0.6719541
359.275,0.769454,-0.73053276,-0.93330314,-1.62519098,-0.62475761
359.3,0.755769,-0.72841152,-0.88685607,-1.65448435,-0.55324777
359.325,0.752556,-0.7104988,-0.84877891,-1.67137528,-0.47160738
359.35,0.758268,-0.67596966,-0.80150664,-1.67007597,-0.36553445
359.375,0.770763,-0.63177709,-0.76177907,-1.65790978,-0.25159544
359.4,0.777189,-0.5822814,-0.74916527,-1.6477516,-0.15219677
359.425,0.77945,-0.53443557,-0.75517745,-1.6342861,-0.1111978
359.45,0.784091,-0.49802088,-0.76708394,-1.60971747,-0.13288911
359.475,0.800513,-0.48281864,-0.78382374,-1.57416384,-0.147787
359.5,0.834666,-0.47975462,-0.80810825,-1.53553912,-0.12573813
359.525,0.865844,-0.48930022,-0.86716912,-1.49726876,-0.12275855
359.55,0.897022,-0.5050917,-0.92681941,-1.45840781,-0.16339998
359.575,0.928914,-0.50544524,-0.93012022,-1.42297229,-0.18103907
359.6,0.952833,-0.49884581,-0.92481535,-1.38871796,-0.13706052
359.625,0.980084,-0.50190983,-0.95923805,-1.34064377,-0.07854164
359.65,1.001147,-0.51793701,-1.01688428,-1.28997098,-0.07437023
359.675,1.015427,-0.54787011,-1.0402257,-1.24874766,-0.09749174
359.7,1.031611,-0.57615336,-1.02053875,-1.20988671,-0.10881414
359.725,1.065288,-0.58840944,-1.01558754,-1.18142018,-0.11596512
359.75,1.150254,-0.6011369,-1.04494114,-1.16582855,-0.10440436
359.775,1.273776,-0.61492498,-1.09846137,-1.16051322,-0.04445528
359.8,1.377187,-0.61539637,-1.15304257,-1.15637908,0.04123734
359.825,1.42086,-0.60255106,-1.20007906,-1.14291358,0.1160843
359.85,1.430499,-0.58499188,-1.23237982,-1.12401464,0.16602201
359.875,1.453942,-0.57627121,-1.20774165,-1.10050908,0.20868954
359.9,1.507373,-0.58393125,-1.17426204,-1.06873523,0.29986458
359.925,1.564612,-0.60549723,-1.20019695,-1.03235476,0.40915545
359.95,1.59936,-0.63837651,-1.26939601,-0.99703736,0.470058
359.975,1.618995,-0.67373057,-1.33293654,-0.95829453,0.4637413
360,1.62316,-0.69906765,-1.33305443,-0.91565379,0.42226559
360.025,1.620899,-0.72063363,-1.2811846,-0.873958,0.42548353
360.05,1.614116,-0.7386642,-1.2149327,-0.84053049,0.53882662
360.075,1.59579,-0.76117295,-1.16589214,-0.81253643,0.71831632
360.1,1.5827,-0.79428792,-1.17143278,-0.78513297,0.86026334
360.125,1.586984,-0.82151055,-1.21799773,-0.76812392,0.94655188
360.15,1.6303,-0.84437284,-1.27564396,-0.76009187,1.04177915
360.175,1.706222,-0.87501303,-1.33105037,-0.74532707,1.16930502
360.2,1.782025,-0.91484527,-1.37419663,-0.72146715,1.27406694
360.225,1.847713,-0.9533812,-1.40791201,-0.70256821,1.32197853
360.25,1.897336,-0.96929053,-1.41203802,-0.68236996,1.33306255
360.275,1.938034,-0.9591557,-1.34307473,-0.66087241,1.35534978
360.3,1.968379,-0.93617556,-1.20585548,-0.64776127,1.40159281
360.325,1.979803,-0.8970504,-1.05802648,-0.62968916,1.4671435
360.35,1.979089,-0.84837964,-0.93401045,-0.60901844,1.53281336
360.375,1.964095,-0.80336213,-0.80186029,-0.59732472,1.58167842
360.4,1.945412,-0.7555163,-0.64801912,-0.59106444,1.62386922
360.425,1.930894,-0.70460645,-0.53661689,-0.58681218,1.63137776
360.45,1.914472,-0.6612388,-0.51645839,-0.57866201,1.58287025
360.475,1.898883,-0.62694536,-0.5214096,-0.57677212,1.50814247
360.5,1.884841,-0.60372953,-0.45598289,-0.58574912,1.46201862
360.525,1.874369,-0.6029046,-0.36261721,-0.60193134,1.47739324
360.55,1.860565,-0.61551422,-0.31216202,-0.6383118,1.51517427
360.575,1.834385,-0.61987455,-0.29035312,-0.67504662,1.51863058
360.6,1.807134,-0.61032895,-0.27514583,-0.69890654,1.51731957
360.625,1.778217,-0.60031197,-0.22103617,-0.71875043,1.51445917
360.65,1.746801,-0.59218054,-0.11906482,-0.72536506,1.5037327
360.675,1.718003,-0.5689647,-0.01780078,-0.72760931,1.49562825
360.7,1.691347,-0.53255002,0.07014215,-0.73764937,1.44747829
360.725,1.675639,-0.49495687,0.15796719,-0.75371347,1.36714891
360.75,1.664929,-0.45712802,0.23471094,-0.77213994,1.26322128
360.775,1.648864,-0.416353,0.31133682,-0.7898577,1.16084303
360.8,1.615068,-0.37204258,0.41401549,-0.81596187,1.12353873
360.825,1.559138,-0.314769,0.50643808,-0.84466464,1.15357286
360.85,1.491665,-0.25678834,0.58695419,-0.856004,1.17967395
360.875,1.41491,-0.21436346,0.66310852,-0.85553153,1.14320393
360.9,1.341011,-0.18171988,0.72865311,-0.83805001,1.07336266
360.925,1.269135,-0.16038959,0.80928711,-0.80131519,0.99827733
360.95,1.197616,-0.1395307,0.86669757,-0.76776956,0.89852111
360.975,1.128477,-0.11761118,0.88331949,-0.72394764,0.79912243
361,1.044939,-0.0978129,0.88426258,-0.67398356,0.73750479
361.025,0.953428,-0.08048941,0.88178697,-0.6402017,0.68542179
361.05,0.855729,-0.0696475,0.88709184,-0.61338882,0.59639204
361.075,0.729351,-0.05468095,0.87353496,-0.59130068,0.46219192
361.1,0.58548,-0.03087588,0.85078297,-0.56696829,0.34896801
361.125,0.463743,0.01154899,0.84052689,-0.54251778,0.27376349
361.15,0.355691,0.06622994,0.84205941,-0.52857981,0.19105045
361.175,0.240737,0.12727462,0.85066508,-0.52007529,0.07842245
361.2,0.125307,0.19527227,0.85514475,-0.51535055,-0.04838832
361.225,0.009282,0.26126652,0.86280734,-0.51216136,-0.17257707
361.25,-0.104006,0.32242904,0.85750247,-0.50790909,-0.32656159
361.275,-0.220388,0.36709301,0.84948622,-0.49940457,-0.49389461
361.3,-0.326298,0.40621817,0.85290491,-0.48664778,-0.64954769
361.325,-0.415429,0.43509065,0.8597423,-0.47011121,-0.79507021
361.35,-0.504679,0.44286855,0.87636422,-0.44707812,-0.92664831
361.375,-0.588574,0.45488893,0.87848617,-0.42050148,-1.03248287
361.4,-0.669494,0.4578351,0.84158786,-0.39168059,-1.11769876
361.425,-0.730303,0.46290252,0.79466925,-0.35459142,-1.20267628
361.45,-0.771358,0.48658974,0.79337251,-0.31053326,-1.32209771
361.475,-0.828716,0.49613533,0.82060416,-0.27167231,-1.47512876
361.5,-0.892619,0.51039481,0.82673423,-0.23422878,-1.62529942
361.525,-0.951048,0.53561404,0.81364889,-0.20103751,-1.80693441
361.55,-0.992103,0.55859418,0.79667331,-0.17847689,-2.00108361
361.575,-1.01031,0.58133862,0.77344978,-0.15461698,-2.12384217
361.6,-1.025423,0.58463834,0.74668967,-0.13252884,-2.12849031
361.625,-1.033634,0.5840491,0.71992955,-0.10973199,-2.07032897
361.65,-1.035538,0.57780322,0.65874674,-0.07984803,-2.05805312
361.675,-1.035062,0.55694432,0.57045016,-0.05315328,-2.11192386
361.7,-1.03411,0.55305537,0.47496253,-0.01937142,-2.17091948
361.725,-1.032325,0.55882987,0.38419034,0.02433239,-2.20369482
361.75,-1.018283,0.55824064,0.33821482,0.06449264,-2.21418293
361.775,-1.002218,0.5387959,0.29990188,0.11469296,-2.20786623
361.8,-0.994126,0.49271778,0.22716624,0.16879119,-2.19356426
361.825,-0.992579,0.44286855,0.14228835,0.2202908,-2.15780934
361.85,-1.00555,0.41529238,0.07945514,0.28076742,-2.11251978
361.875,-1.027446,0.41163913,0.05564217,0.33415694,-2.06246289
361.9,-1.049461,0.40067937,0.03289018,0.38683774,-2.00036852
361.925,-1.068501,0.36721086,-0.00176829,0.43361262,-1.91896648
361.95,-1.090516,0.32136842,-0.04291049,0.46278787,-1.83494243
361.975,-1.112293,0.26256283,-0.11199166,0.49857774,-1.75723507
362,-1.129072,0.19845413,-0.19569069,0.53295019,-1.68214974
362.025,-1.145732,0.14353749,-0.28988157,0.56047178,-1.60479993
362.05,-1.137164,0.09910922,-0.38053588,0.59555294,-1.52733094
362.075,-1.128001,0.05880559,-0.43547073,0.6396111,-1.47727406
362.1,-1.143233,0.01484871,-0.45433249,0.68461421,-1.42662125
362.125,-1.146089,-0.03382205,-0.46435279,0.71733301,-1.39003205
362.15,-1.133356,-0.0789574,-0.51068198,0.74898874,-1.37096276
362.175,-1.112531,-0.12020381,-0.5986249,0.7885584,-1.34331229
362.2,-1.093848,-0.16451423,-0.70507592,0.82883677,-1.33115562
362.225,-1.094205,-0.21766317,-0.78806764,0.87041445,-1.33937925
362.25,-1.099322,-0.28271465,-0.82968138,0.90313324,-1.3615473
362.275,-1.088731,-0.35471909,-0.8715309,0.92155971,-1.36845992
362.3,-1.06148,-0.42436659,-0.90194547,0.92604821,-1.29885701
362.325,-1.020663,-0.47374443,-0.91338041,0.9195517,-1.19135389
362.35,-0.983773,-0.51334098,-0.91727065,0.91813428,-1.1364105
362.375,-0.962234,-0.56330805,-0.87436016,0.91742557,-1.12079752
362.4,-0.953428,-0.61386436,-0.809405,0.90939352,-1.09076339
362.425,-0.948311,-0.65935325,-0.75694574,0.89037645,-1.02771555
362.45,-0.920346,-0.70578492,-0.70731576,0.8765566,-0.96264159
362.475,-0.880481,-0.75186305,-0.68468165,0.88069075,-0.90805575
362.5,-0.835261,-0.78757065,-0.68197027,0.87891897,-0.88815218
362.525,-0.782187,-0.81172926,-0.64801912,0.86202804,-0.90340761
362.55,-0.741608,-0.81986069,-0.58188509,0.82186779,-0.90328843
362.575,-0.708288,-0.82693151,-0.53979981,0.76906886,-0.87933263
362.6,-0.689843,-0.844255,-0.52129171,0.71910478,-0.85466174
362.625,-0.681037,-0.84708332,-0.48887307,0.66878635,-0.84202833
362.65,-0.675206,-0.83800911,-0.46058044,0.63276024,-0.79340165
362.675,-0.686511,-0.81868223,-0.44183658,0.60795537,-0.69936621
362.7,-0.693056,-0.77248625,-0.44230812,0.58551288,-0.6142695
362.725,-0.692461,-0.71320927,-0.45433249,0.5605899,-0.59043289
362.75,-0.704242,-0.66595268,-0.44478372,0.52704427,-0.63345798
362.775,-0.730898,-0.62505981,-0.43358456,0.49113628,-0.70580209
362.8,-0.772072,-0.57049671,-0.43193415,0.45298404,-0.7479929
362.825,-0.825741,-0.51334098,-0.42674717,0.41979277,-0.72582485
362.85,-0.893928,-0.45877788,-0.39703991,0.38601091,-0.68780545
362.875,-0.971397,-0.39985444,-0.36025949,0.34585066,-0.6740994
362.9,-1.038632,-0.34753043,-0.3584912,0.31360434,-0.66909371
362.925,-1.084566,-0.29815259,-0.36957248,0.28218484,-0.661466
362.95,-1.121099,-0.25231015,-0.34151562,0.25147406,-0.68506424
362.975,-1.171198,-0.21035667,-0.29978399,0.22430683,-0.76682382
363,-1.239742,-0.1543794,-0.30721081,0.2003288,-0.88362322
363.025,-1.30662,-0.09745936,-0.33939368,0.18320163,-0.97515582
363.05,-1.352435,-0.04584243,-0.34069042,0.16430269,-0.99827733
363.075,-1.385874,0.00989914,-0.29011735,0.14965601,-0.96097303
363.1,-1.421931,0.0641087,-0.21679228,0.12603233,-0.94488332
363.125,-1.447754,0.11808257,-0.16633709,0.10488913,-1.00566668
363.15,-1.457155,0.15873974,-0.13344691,0.10961387,-1.08778381
363.175,-1.450967,0.18596237,-0.09466243,0.10784209,-1.15416877
363.2,-1.431927,0.21247791,-0.04880479,0.10843269,-1.1877784
363.225,-1.420027,0.22709092,-0.03218287,0.11847275,-1.19194981
363.25,-1.423002,0.23121556,-0.03689831,0.12343372,-1.19814732
363.275,-1.43276,0.23746145,-0.02428451,0.14351385,-1.18980451
363.3,-1.43157,0.23922915,-0.00884145,0.17540582,-1.13736396
363.325,-1.409674,0.23345466,0.01862598,0.20824273,-1.07252838
363.35,-1.38397,0.22296628,0.06707711,0.23292947,-1.02318659
363.375,-1.37921,0.2109459,0.12802415,0.24226083,-0.97575173
363.4,-1.384565,0.2054071,0.17836146,0.25100159,-0.93153481
363.425,-1.387064,0.20682126,0.20158499,0.25903364,-0.87766407
363.45,-1.398488,0.22449829,0.22622316,0.26895558,-0.8042473
363.475,-1.418718,0.25077815,0.22928819,0.29080749,-0.74203375
363.5,-1.442161,0.25773111,0.1847273,0.31100573,-0.7029417
363.525,-1.448587,0.24606427,0.13710137,0.31679353,-0.66945126
363.55,-1.409555,0.22461614,0.12613798,0.31053326,-0.65336155
363.575,-1.343629,0.20811758,0.17234927,0.30415486,-0.62964412
363.6,-1.296624,0.20776404,0.23565403,0.30368239,-0.58900269
363.625,-1.282463,0.19527227,0.22657681,0.30368239,-0.57744194
363.65,-1.292816,0.16604624,0.15832084,0.31762036,-0.60771443
363.675,-1.317925,0.13293127,0.10810142,0.33403882,-0.63858285
363.7,-1.336489,0.08826731,0.11210955,0.33640119,-0.59293573
363.725,-1.332681,0.04914215,0.10480062,0.34112592,-0.4918685
363.75,-1.295196,0.02451215,0.04503244,0.33852732,-0.42262314
363.775,-1.236767,0.01390593,0.03182921,0.32754231,-0.41225421
363.8,-1.195831,0.02015182,0.05257714,0.32187262,-0.38960943
363.825,-1.186073,0.0301688,0.01968696,0.3120688,-0.32918362
363.85,-1.190476,0.04843506,-0.01473574,0.29706776,-0.27042637
363.875,-1.173935,0.0736543,0.00483332,0.27604269,-0.21309932
363.9,-1.13169,0.09038855,0.04232106,0.25147406,-0.15529553
363.925,-1.076355,0.10040554,0.02145524,0.22525178,-0.0794951
363.95,-1.007454,0.0829642,-0.05646737,0.20528977,-0.0344439
363.975,-0.945574,0.03806454,-0.09230471,0.19052497,-0.06376294
364,-0.901425,-0.0133167,-0.07815839,0.17422463,-0.0879571
364.025,-0.868938,-0.07495061,-0.08417057,0.16997237,-0.03885368
364.05,-0.839426,-0.12963156,-0.12825992,0.16170408,0.04052224
364.075,-0.783377,-0.18171988,-0.18649559,0.14894729,0.08307059
364.1,-0.705313,-0.23981839,-0.23471094,0.14245078,0.07210575
364.125,-0.632485,-0.28872484,-0.25581253,0.13973406,0.06924536
364.15,-0.555968,-0.3391633,-0.26689381,0.14859294,0.11656103
364.175,-0.484925,-0.39337286,-0.28316207,0.15249085,0.18187335
364.2,-0.44387,-0.44640395,-0.29223929,0.15650687,0.25910398
364.225,-0.423402,-0.49330701,-0.29306449,0.1663107,0.35981366
364.25,-0.397579,-0.52724691,-0.2753816,0.17327968,0.49544399
364.275,-0.350931,-0.54798796,-0.26465398,0.18272916,0.62892902
364.3,-0.28917,-0.55305537,-0.28269053,0.18745389,0.73381011
364.325,-0.232169,-0.54362762,-0.29271084,0.19288734,0.82021783
364.35,-0.193851,-0.51899763,-0.28752385,0.20517165,0.9028117
364.375,-0.157913,-0.48258294,-0.27302388,0.22111763,0.9893386
364.4,-0.117096,-0.44345778,-0.25121498,0.24415072,1.04952605
364.425,-0.082705,-0.40032583,-0.23435729,0.26706569,1.08087119
364.45,-0.067354,-0.35495478,-0.19910939,0.28395662,1.11936732
364.475,-0.081277,-0.30392709,-0.15608101,0.2960047,1.17776702
364.5,-0.099484,-0.23439743,-0.12967456,0.30391863,1.24367525
364.525,-0.115192,-0.15944682,-0.09018276,0.30474546,1.29563907
364.55,-0.135303,-0.09156702,-0.03065035,0.29435104,1.30517371
364.575,-0.160769,-0.02321583,0.01980484,0.27497962,1.31828385
364.6,-0.181951,0.04584243,0.03336173,0.24840298,1.35642243
364.625,-0.17255,0.1169041,0.0150894,0.22229882,1.38013986
364.65,-0.145537,0.18619806,0.00648373,0.19643089,1.37894803
364.675,-0.116144,0.24618212,0.00601218,0.16371209,1.38359617
364.7,-0.086037,0.30133445,-0.0226341,0.12863093,1.376326
364.725,-0.069139,0.34458426,-0.07851205,0.09331353,1.31673447
364.75,-0.07735,0.36944995,-0.13757291,0.07028044,1.27680815
364.775,-0.09758,0.38630205,-0.18932485,0.05551565,1.27740406
364.8,-0.093534,0.39490487,-0.25109709,0.03437245,1.30207495
364.825,-0.077231,0.40303631,-0.33691807,0.02008013,1.31983323
364.85,-0.074375,0.41140343,-0.41590166,0.00472474,1.28097955
364.875,-0.084014,0.41152128,-0.45091379,-0.02031636,1.24093404
364.9,-0.122808,0.41470315,-0.45279997,-0.03732541,1.24284097
364.925,-0.178976,0.42094903,-0.47413733,-0.0455937,1.23723937
364.95,-0.22015,0.43438357,-0.52235269,-0.05445258,1.2074436
364.975,-0.249067,0.46042773,-0.52777544,-0.05527941,1.14582596
